用户ID,会员级别,手机参数,昵称,购买时间,评论内容
,,,,,
1.03531E+12,0,网络类型:无需合约版;机身颜色:金色;套餐类型:官方标配;存储容量:64GB,t***3,2019/2/20 16:13,苏宁易购买了4次了。价格确实很大的优惠。最重要的是品质保证。正品保证
1.03579E+12,0,网络类型:无需合约版;机身颜色:深空灰色;套餐类型:官方标配;存储容量:64GB,y***6,2019/2/24 16:32,此用户没有填写评论!
1.03606E+12,0,网络类型:无需合约版;机身颜色:深空灰色;套餐类型:官方标配;存储容量:64GB,l***8,2019/2/26 18:02,手机全新的，物流速度很快，8P玩起游戏来比之前的6流畅很多，很满意的一次购物
1.03613E+12,0,网络类型:无需合约版;机身颜色:金色;套餐类型:官方标配;存储容量:64GB,我***0,2019/3/1 10:12,手机在苏宁已经是第三次购买了，之前买的是苹果7，一直都相当好用，过了质保期后还正常享受了一次官方低价更换电池的服务，果7有满血复活了，由于父亲想学习使用智能机，就把果7给父亲使用了，自己再购一台8P，实在接受不了时下流行的刘海屏，所以果断下手8P，个人觉得是最实惠的机型了。收到宝贝立即激活了，官网查询保修期正常。我相信苏宁的品牌，下次购机还来苏宁。
1.0358E+12,0,网络类型:无需合约版;机身颜色:深空灰色;套餐类型:官方标配;存储容量:64GB,乔***源,2019/2/24 18:59,很好用，自己的买了一年了，给家里人买了一个
1.03571E+12,0,网络类型:无需合约版;机身颜色:深空灰色;套餐类型:官方标配;存储容量:64GB,万***琴,2018/12/23 17:29,此用户没有填写评论!
1.03566E+12,0,网络类型:无需合约版;机身颜色:银色;套餐类型:官方标配;存储容量:64GB,高***范,2019/2/26 7:41,非常好用  正品 而且比官方价便宜好几百  划算  北鼻和我的手机都是在这家店买的  开熏
1.03549E+12,0,网络类型:无需合约版;机身颜色:银色;套餐类型:官方标配;存储容量:64GB,你***呐,2019/2/21 17:47,很好用 好评
1.03607E+12,0,网络类型:无需合约版;机身颜色:金色;套餐类型:官方标配;存储容量:64GB,就***8,2019/2/28 14:39,特意用了几天才来评价的，东西收到时就查了真伪，确定是国行正品未拆封，保修期剩余一年，运行流畅，等用段时间再来追加！
1.03557E+12,0,网络类型:无需合约版;机身颜色:深空灰色;套餐类型:官方标配;存储容量:64GB,l***5,2019/2/22 23:17,第一次用苹果，自己都不敢按，怕按坏啦。  希望有一天去看idol.   演唱会 加油鸭 努力赚钱 好好上班 开心快乐幸福 开心快乐幸福 开心快乐幸福 开心快乐幸福 开心快乐幸福 开心快乐幸福 开心快乐幸福 开心快乐幸福 开心快乐幸福 开心快乐幸福 开心快乐幸福 开心快乐幸福 开心快乐幸福 开心快乐幸福 开心快乐幸福 开心快乐幸福 开心快乐幸福 开心快乐幸福 开心快乐幸福 开心快乐幸福 开心快乐幸福 开心快乐幸福 开心快乐幸福 开心快乐幸福
1.03611E+12,0,网络类型:无需合约版;机身颜色:金色;套餐类型:官方标配;存储容量:64GB,憧***瑞,2019/3/3 18:45,"真的超级喜欢，非常支持，质量非常好，与卖家描述的完全一致，非常满意,真的很喜欢，完全超出期望值，发货速度非常快，包装非常仔细、严实，物流公司服务态度很好，运送速度很快，很满意的一次购物"
1.03564E+12,0,网络类型:无需合约版;机身颜色:银色;套餐类型:官方标配;存储容量:64GB,雷***斯,2019/2/21 22:34,是正品！未拆封！一直很相信天猫商城！相信苏宁电器！宝贝非常好，与卖家描述的完全一致，非常满意，真的很喜欢，完全超出期望值，发货速度非常快，包装非常仔细、严实，  物流公司服务态度很好，运送速度很快，很满意的一次购物，希望越来越好，继续保持，我们也继续支持。
1.03615E+12,0,网络类型:无需合约版;机身颜色:深空灰色;套餐类型:官方标配;存储容量:64GB,南***a,2019/3/1 14:22,是正品！未拆封！一直很相信天猫商城！相信苏宁电器！宝贝非常好，与卖家描述的完全一致，非常满意，真的很喜欢，完全超出期望值，发货速度非常快，包装非常仔细、严实， 物流公司服务态度很好，运送速度很快，很满意的一次购物，希望越来越好，继续保持，我们也继续支持。用了十几天才来评价，可以放心购买 客服妹妹和快递小哥值得赞
1.03629E+12,0,网络类型:无需合约版;机身颜色:金色;套餐类型:官方标配;存储容量:64GB,云***2,2019/3/1 18:48,奶思！就很棒 以后还会再来的～挺好的 声音也OK 全新的机子
1.01444E+12,0,网络类型:无需合约版;机身颜色:金色;套餐类型:官方标配;存储容量:64GB,赢***你,2018/8/23 15:03,此用户没有填写评论!
1.03615E+12,0,网络类型:无需合约版;机身颜色:深空灰色;套餐类型:官方标配;存储容量:64GB,h***1,2019/3/1 13:22,很满意哈！?? 推荐给你们的东东 不是我亲测过就是团队亲测过的 每天买买买拍拍拍，还要修修修 不想只是发个优惠券，要做就做好 东西要实惠好用，价格也要尽量低 你们看到图也要美美哒 这是我种花生对自己的要求 我希望每一个看过我朋友圈的人 不仅能够买到质优价廉的东西 看到的商品图片也是舒心的
1.03569E+12,0,网络类型:无需合约版;机身颜色:金色;套餐类型:官方标配;存储容量:64GB,c***0,2019/2/24 23:40,物流很快。  隔天就到了。打开包装很精致 颜值很高 一直都想买来着 但黑色的没有货了 这个颜值也很好看 应该是正品 反应很快 配套也很齐全 自己鼓捣了半天 才搞明白了 客服的态度也很好 随时回答 好好啊好啊好喜欢哈哈哈哈哈哈哈哈哈哈哈哈哈哈哈哈哈哈哈哈哈哈哈相信苏宁哈哈哈哈哈哈哈哈哈哈哈哈哈哈哈哈哈哈哈哈哈哈好哈哈哈哈江河湖海就好哈哈哈哈哈哈哈哈哈哈哈哈哈哈哈哈哈
1.03568E+12,0,网络类型:无需合约版;机身颜色:银色;套餐类型:官方标配;存储容量:64GB,顺***吧,2019/2/24 21:36,第一次用苹果，自己都不敢按，怕按坏啦。  希望有一天去看idol.演唱会加油鸭努力赚钱好好上班开心快乐幸福开心快乐幸福开心快乐幸福开心快乐幸福开心快乐幸福开心快乐幸福开心快乐幸福开心快乐幸福开心快乐幸福开心快乐幸福开心快乐幸福开心快乐幸福开心快乐幸福开心快乐幸福开心快乐幸福开心快乐幸福开心快乐幸福开心快乐幸福开心快乐幸福开心快乐幸福开心快乐幸福开心快乐幸福开心快乐幸福开心快乐幸福 复制~
1.03591E+12,0,网络类型:无需合约版;机身颜色:深空灰色;套餐类型:官方标配;存储容量:64GB,a***0,2019/3/1 13:44,下单第二天早上就收到货了，运行流畅，很好用。
1.03601E+12,0,网络类型:无需合约版;机身颜色:金色;套餐类型:官方标配;存储容量:64GB,t***1,2019/3/1 11:35,以旧换新买的，质量没有问题，用起来很流畅放心购买吧
1.03531E+12,0,网络类型:无需合约版;机身颜色:金色;套餐类型:官方标配;存储容量:64GB,t***3,2019/2/20 16:13,苏宁易购买了4次了。价格确实很大的优惠。最重要的是品质保证。正品保证
1.03579E+12,0,网络类型:无需合约版;机身颜色:深空灰色;套餐类型:官方标配;存储容量:64GB,y***6,2019/2/24 16:32,此用户没有填写评论!
1.03606E+12,0,网络类型:无需合约版;机身颜色:深空灰色;套餐类型:官方标配;存储容量:64GB,l***8,2019/2/26 18:02,手机全新的，物流速度很快，8P玩起游戏来比之前的6流畅很多，很满意的一次购物
1.03613E+12,0,网络类型:无需合约版;机身颜色:金色;套餐类型:官方标配;存储容量:64GB,我***0,2019/3/1 10:12,手机在苏宁已经是第三次购买了，之前买的是苹果7，一直都相当好用，过了质保期后还正常享受了一次官方低价更换电池的服务，果7有满血复活了，由于父亲想学习使用智能机，就把果7给父亲使用了，自己再购一台8P，实在接受不了时下流行的刘海屏，所以果断下手8P，个人觉得是最实惠的机型了。收到宝贝立即激活了，官网查询保修期正常。我相信苏宁的品牌，下次购机还来苏宁。
1.0358E+12,0,网络类型:无需合约版;机身颜色:深空灰色;套餐类型:官方标配;存储容量:64GB,乔***源,2019/2/24 18:59,很好用，自己的买了一年了，给家里人买了一个
1.03571E+12,0,网络类型:无需合约版;机身颜色:深空灰色;套餐类型:官方标配;存储容量:64GB,万***琴,2018/12/23 17:29,此用户没有填写评论!
1.03566E+12,0,网络类型:无需合约版;机身颜色:银色;套餐类型:官方标配;存储容量:64GB,高***范,2019/2/26 7:41,非常好用  正品 而且比官方价便宜好几百  划算  北鼻和我的手机都是在这家店买的  开熏
1.03549E+12,0,网络类型:无需合约版;机身颜色:银色;套餐类型:官方标配;存储容量:64GB,你***呐,2019/2/21 17:47,很好用 好评
1.03607E+12,0,网络类型:无需合约版;机身颜色:金色;套餐类型:官方标配;存储容量:64GB,就***8,2019/2/28 14:39,特意用了几天才来评价的，东西收到时就查了真伪，确定是国行正品未拆封，保修期剩余一年，运行流畅，等用段时间再来追加！
1.03557E+12,0,网络类型:无需合约版;机身颜色:深空灰色;套餐类型:官方标配;存储容量:64GB,l***5,2019/2/22 23:17,第一次用苹果，自己都不敢按，怕按坏啦。  希望有一天去看idol.   演唱会 加油鸭 努力赚钱 好好上班 开心快乐幸福 开心快乐幸福 开心快乐幸福 开心快乐幸福 开心快乐幸福 开心快乐幸福 开心快乐幸福 开心快乐幸福 开心快乐幸福 开心快乐幸福 开心快乐幸福 开心快乐幸福 开心快乐幸福 开心快乐幸福 开心快乐幸福 开心快乐幸福 开心快乐幸福 开心快乐幸福 开心快乐幸福 开心快乐幸福 开心快乐幸福 开心快乐幸福 开心快乐幸福 开心快乐幸福
1.03611E+12,0,网络类型:无需合约版;机身颜色:金色;套餐类型:官方标配;存储容量:64GB,憧***瑞,2019/3/3 18:45,"真的超级喜欢，非常支持，质量非常好，与卖家描述的完全一致，非常满意,真的很喜欢，完全超出期望值，发货速度非常快，包装非常仔细、严实，物流公司服务态度很好，运送速度很快，很满意的一次购物"
1.03564E+12,0,网络类型:无需合约版;机身颜色:银色;套餐类型:官方标配;存储容量:64GB,雷***斯,2019/2/21 22:34,是正品！未拆封！一直很相信天猫商城！相信苏宁电器！宝贝非常好，与卖家描述的完全一致，非常满意，真的很喜欢，完全超出期望值，发货速度非常快，包装非常仔细、严实，  物流公司服务态度很好，运送速度很快，很满意的一次购物，希望越来越好，继续保持，我们也继续支持。
1.03615E+12,0,网络类型:无需合约版;机身颜色:深空灰色;套餐类型:官方标配;存储容量:64GB,南***a,2019/3/1 14:22,是正品！未拆封！一直很相信天猫商城！相信苏宁电器！宝贝非常好，与卖家描述的完全一致，非常满意，真的很喜欢，完全超出期望值，发货速度非常快，包装非常仔细、严实， 物流公司服务态度很好，运送速度很快，很满意的一次购物，希望越来越好，继续保持，我们也继续支持。用了十几天才来评价，可以放心购买 客服妹妹和快递小哥值得赞
1.03629E+12,0,网络类型:无需合约版;机身颜色:金色;套餐类型:官方标配;存储容量:64GB,云***2,2019/3/1 18:48,奶思！就很棒 以后还会再来的～挺好的 声音也OK 全新的机子
1.01444E+12,0,网络类型:无需合约版;机身颜色:金色;套餐类型:官方标配;存储容量:64GB,赢***你,2018/8/23 15:03,此用户没有填写评论!
1.03615E+12,0,网络类型:无需合约版;机身颜色:深空灰色;套餐类型:官方标配;存储容量:64GB,h***1,2019/3/1 13:22,很满意哈！?? 推荐给你们的东东 不是我亲测过就是团队亲测过的 每天买买买拍拍拍，还要修修修 不想只是发个优惠券，要做就做好 东西要实惠好用，价格也要尽量低 你们看到图也要美美哒 这是我种花生对自己的要求 我希望每一个看过我朋友圈的人 不仅能够买到质优价廉的东西 看到的商品图片也是舒心的
1.03569E+12,0,网络类型:无需合约版;机身颜色:金色;套餐类型:官方标配;存储容量:64GB,c***0,2019/2/24 23:40,物流很快。  隔天就到了。打开包装很精致 颜值很高 一直都想买来着 但黑色的没有货了 这个颜值也很好看 应该是正品 反应很快 配套也很齐全 自己鼓捣了半天 才搞明白了 客服的态度也很好 随时回答 好好啊好啊好喜欢哈哈哈哈哈哈哈哈哈哈哈哈哈哈哈哈哈哈哈哈哈哈哈相信苏宁哈哈哈哈哈哈哈哈哈哈哈哈哈哈哈哈哈哈哈哈哈哈好哈哈哈哈江河湖海就好哈哈哈哈哈哈哈哈哈哈哈哈哈哈哈哈哈
1.03568E+12,0,网络类型:无需合约版;机身颜色:银色;套餐类型:官方标配;存储容量:64GB,顺***吧,2019/2/24 21:36,第一次用苹果，自己都不敢按，怕按坏啦。  希望有一天去看idol.演唱会加油鸭努力赚钱好好上班开心快乐幸福开心快乐幸福开心快乐幸福开心快乐幸福开心快乐幸福开心快乐幸福开心快乐幸福开心快乐幸福开心快乐幸福开心快乐幸福开心快乐幸福开心快乐幸福开心快乐幸福开心快乐幸福开心快乐幸福开心快乐幸福开心快乐幸福开心快乐幸福开心快乐幸福开心快乐幸福开心快乐幸福开心快乐幸福开心快乐幸福开心快乐幸福 复制~
1.03591E+12,0,网络类型:无需合约版;机身颜色:深空灰色;套餐类型:官方标配;存储容量:64GB,a***0,2019/3/1 13:44,下单第二天早上就收到货了，运行流畅，很好用。
1.03601E+12,0,网络类型:无需合约版;机身颜色:金色;套餐类型:官方标配;存储容量:64GB,t***1,2019/3/1 11:35,以旧换新买的，质量没有问题，用起来很流畅放心购买吧
1.03575E+12,0,网络类型:无需合约版;机身颜色:深空灰色;套餐类型:官方标配;存储容量:64GB,电***侠,2019/2/27 12:06,手机是正品的，用了几天才来评价
1.0356E+12,0,网络类型:无需合约版;机身颜色:深空灰色;套餐类型:官方标配;存储容量:64GB,精***啊,2019/2/21 13:15,昨天下单今天就收到货了  机子没有任何问题  等我用一段时间再来追评
1.03601E+12,0,网络类型:无需合约版;机身颜色:银色;套餐类型:官方标配;存储容量:64GB,我***邪,2019/2/27 16:11,价格很不错。过年也发货，用了快一个月了，很不错，挺满意的，喜欢哦
1.03636E+12,0,网络类型:无需合约版;机身颜色:深空灰色;套餐类型:官方标配;存储容量:64GB,木***音,2019/3/3 21:12,给老妈买的，不错！已经第三次购买！相信苏宁！靠谱！
1.03579E+12,0,网络类型:无需合约版;机身颜色:银色;套餐类型:官方标配;存储容量:64GB,t***7,2019/2/24 17:43,手机性能都很好，官方零售机，很喜欢，电池一天一充
1.03594E+12,0,网络类型:无需合约版;机身颜色:深空灰色;套餐类型:官方标配;存储容量:64GB,y***0,2019/3/1 20:42,正品手机很好用
1.03555E+12,0,网络类型:无需合约版;机身颜色:金色;套餐类型:官方标配;存储容量:64GB,悲***我,2019/2/12 17:19,此用户没有填写评论!
1.03588E+12,0,网络类型:无需合约版;机身颜色:深空灰色;套餐类型:官方标配;存储容量:64GB,傅***灵,2019/3/1 8:13,拍照片很好看
1.03623E+12,0,网络类型:无需合约版;机身颜色:金色;套餐类型:官方标配;存储容量:64GB,盛***0,2019/3/2 14:14,使用非常满意，用了很久才来评价，非常相信苏宁的品质，没有拍手机的照片，苹果的像素是非常好的，犹豫的可以买了，
1.0363E+12,0,网络类型:无需合约版;机身颜色:金色;套餐类型:官方标配;存储容量:64GB,黄***源,2019/3/1 20:02,还不错 比店里便宜点 用用在说吧
1.03553E+12,0,网络类型:无需合约版;机身颜色:深空灰色;套餐类型:官方标配;存储容量:64GB,尊***师,2019/2/22 12:10,电子产品一直在苏宁买，方便，快捷，而且解释，耐操，还会继续的嘻嘻嘻
1.03579E+12,0,网络类型:无需合约版;机身颜色:银色;套餐类型:官方标配;存储容量:64GB,z***9,2019/2/27 19:55,货很好，是正品。快递速度很快一天就到了??????
1.03574E+12,0,网络类型:无需合约版;机身颜色:金色;套餐类型:官方标配;存储容量:64GB,s***0,2019/2/27 11:15,很好用，感觉还是8P有质感
1.03616E+12,0,网络类型:无需合约版;机身颜色:金色;套餐类型:官方标配;存储容量:64GB,淘***茶,2019/3/1 16:30,很不错，性价比还算可以，挺好的。
1.03623E+12,0,网络类型:无需合约版;机身颜色:深空灰色;套餐类型:官方标配;存储容量:64GB,暗***淘,2019/3/1 7:23,用起来还不错，性价比超高，比起全面屏，还是喜欢这样的Iphone
1.03609E+12,0,网络类型:无需合约版;机身颜色:金色;套餐类型:官方标配;存储容量:64GB,l***o,2019/3/2 11:42,蛮好的，实用
1.03583E+12,0,网络类型:无需合约版;机身颜色:银色;套餐类型:官方标配;存储容量:64GB,a***a,2019/2/25 10:18,物流速度还可以吧，官网查了是正品刚激活的，小伙伴们，可以放心购买哦！
1.03603E+12,0,网络类型:无需合约版;机身颜色:深空灰色;套餐类型:官方标配;存储容量:64GB,陌***3,2019/2/27 21:36,应该是正品吧。除了一开始不知道为什么一直闪退外。都挺正常的。用电的话反正现在智能机都挺耗电的。也是因为6S电池寿命80%撑不太住才换的。新机会好一点 不玩游戏、不一直玩着的话还是可以的。拍照很喜欢。为了相机买的
1.0363E+12,0,网络类型:无需合约版;机身颜色:深空灰色;套餐类型:官方标配;存储容量:64GB,十***1,2019/3/1 21:03,很好，正品，非常的喜欢
1.0356E+12,0,网络类型:无需合约版;机身颜色:深空灰色;套餐类型:官方标配;存储容量:64GB,军***穷,2019/2/23 16:23,手机真的挺不错玩游戏毫无压力剩余凑字凑字凑字凑字凑字凑字凑字凑字凑字凑字凑字凑字凑字凑字凑字凑字凑字凑字凑字凑字凑字凑字凑字凑字
1.03583E+12,0,网络类型:无需合约版;机身颜色:金色;套餐类型:官方标配;存储容量:64GB,m***1,2019/2/26 21:11,在苏宁买过4s，6s都很棒，这次买的8p，依然完美
1.03594E+12,0,网络类型:无需合约版;机身颜色:深空灰色;套餐类型:官方标配;存储容量:64GB,9***8,2019/2/28 12:53,手机挺好用的，看着像正品，用一段时间在追平 ^_^^_^^_^^_^^_^
1.03594E+12,0,网络类型:无需合约版;机身颜色:金色;套餐类型:官方标配;存储容量:64GB,慕***3,2019/3/1 19:36,不错  满意
1.0361E+12,0,网络类型:无需合约版;机身颜色:金色;套餐类型:官方标配;存储容量:64GB,小***蜡,2019/2/28 19:54,国行正品，手感特别好，通话质量很好，苏宁快递也快，满意
1.03576E+12,0,网络类型:无需合约版;机身颜色:深空灰色;套餐类型:官方标配;存储容量:64GB,0***0,2019/2/25 23:04,非常好，物美价廉。值得购买。真的真是我买的最便宜的苹果了??
1.03598E+12,0,网络类型:无需合约版;机身颜色:金色;套餐类型:官方标配;存储容量:64GB,t***7,2019/3/2 12:34,还可以
1.03616E+12,0,网络类型:无需合约版;机身颜色:银色;套餐类型:官方标配;存储容量:64GB,小***a,2019/2/28 9:55,还可以
1.03579E+12,0,网络类型:无需合约版;机身颜色:金色;套餐类型:官方标配;存储容量:64GB,j***3,2019/2/27 21:20,不止一次在苏宁买手机了，情人节送给女朋友的，她很喜欢很喜欢很喜欢！
1.03624E+12,0,网络类型:无需合约版;机身颜色:深空灰色;套餐类型:官方标配;存储容量:64GB,你***迷,2019/3/1 10:03,送货速度快。 东西质量好 正品
1.03614E+12,0,网络类型:无需合约版;机身颜色:深空灰色;套餐类型:官方标配;存储容量:64GB,老***6,2019/2/15 8:46,此用户没有填写评论!
1.03598E+12,0,网络类型:无需合约版;机身颜色:深空灰色;套餐类型:官方标配;存储容量:64GB,t***3,2019/3/2 12:52,特别好，感谢苏宁易购的物流，大年三十早上送过来，在新的一年用上了新的手机，真的感觉特别棒，而且比线下便宜，超划来。
1.03581E+12,0,网络类型:无需合约版;机身颜色:银色;套餐类型:官方标配;存储容量:64GB,y***6,2019/2/26 17:09,正品用起来手感和流畅度很好，苏宁快递很快！
1.03596E+12,0,网络类型:无需合约版;机身颜色:金色;套餐类型:官方标配;存储容量:64GB,t***5,2019/2/25 14:36,手机非常不错，很喜欢大家可以放心购买
1.03562E+12,0,网络类型:无需合约版;机身颜色:金色;套餐类型:官方标配;存储容量:64GB,凉***5,2019/2/21 17:50,晚上拍的 第二天中午就送到了 很棒 速度就是快 机子很棒
1.03572E+12,0,网络类型:无需合约版;机身颜色:银色;套餐类型:官方标配;存储容量:64GB,1***f,2019/2/25 13:02,东西很好用了一个星期不错货真价实吧..也就这样
1.03599E+12,0,网络类型:无需合约版;机身颜色:银色;套餐类型:官方标配;存储容量:64GB,不***我,2019/2/28 23:16,挺好的，用了一段时间。还是苹果用着舒服 反应快
1.03568E+12,0,网络类型:无需合约版;机身颜色:深空灰色;套餐类型:官方标配;存储容量:64GB,h***桃,2019/2/20 21:24,苏宁的物流真的快，前一天十点多拍的，早上快递小哥八点多就送上楼了，快递很认真负责。手机质量很好反应快，查了保修是新机正品，价格便宜，之前8p双十一都没掉价这次力度比较大，我自己感觉看着比x的屏幕要清楚更亮，物有所值，很喜欢了，好评，手机电脑一直都是在淘宝苏宁买的，每次都很好，支持张康阳小boss哈哈哈哈哈哈哈。
1.03599E+12,0,网络类型:无需合约版;机身颜色:深空灰色;套餐类型:官方标配;存储容量:64GB,l***5,2019/2/27 12:56,非常不错的一款手机，正品价格便宜！
1.03576E+12,0,网络类型:无需合约版;机身颜色:金色;套餐类型:官方标配;存储容量:64GB,杨***8,2019/2/27 14:29,不错正品 没有什么问题 可以放心购买 售后无忧
1.03616E+12,0,网络类型:无需合约版;机身颜色:深空灰色;套餐类型:官方标配;存储容量:64GB,张***九,2019/3/3 9:24,用了一段时间了 不错 应该是正品 手机没毛病
1.03565E+12,0,网络类型:无需合约版;机身颜色:银色;套餐类型:官方标配;存储容量:64GB,t***1,2019/2/24 14:38,用了半个月，体验感极好，确实是正品！！
1.03602E+12,0,网络类型:无需合约版;机身颜色:银色;套餐类型:官方标配;存储容量:64GB,永***q,2019/2/26 10:26,第二次购买了，降价赶快
1.03612E+12,0,网络类型:无需合约版;机身颜色:金色;套餐类型:官方标配;存储容量:64GB,t***5,2019/3/1 4:51,给女朋友的礼物??她爱不释手&hellip;&hellip;一如既往支持！
1.03621E+12,0,网络类型:无需合约版;机身颜色:银色;套餐类型:官方标配;存储容量:64GB,王***y,2019/3/2 9:43,应该是正品，儿子说用的很好
1.03572E+12,0,网络类型:无需合约版;机身颜色:银色;套餐类型:官方标配;存储容量:64GB,t***2,2019/2/21 14:42,用了一段时间才过来评价的，用着还不错，各方面都挺好的，好评
1.03626E+12,0,网络类型:无需合约版;机身颜色:金色;套餐类型:官方标配;存储容量:64GB,黄***6,2019/3/1 12:16,应该是正品，妈妈说很好用
1.03606E+12,0,网络类型:无需合约版;机身颜色:金色;套餐类型:官方标配;存储容量:64GB,为***呢,2019/3/1 21:11,宝贝非常好，十分符合我的期待。犹豫了很久，现在觉得非常好。
1.03586E+12,0,网络类型:无需合约版;机身颜色:深空灰色;套餐类型:官方标配;存储容量:64GB,天***0,2019/2/28 19:53,是正品  手机很好  非常开心
1.03581E+12,0,网络类型:无需合约版;机身颜色:金色;套餐类型:官方标配;存储容量:64GB,v***8,2019/2/28 9:03,好，送货相当快，早上买的，下午就到了！包装也很好！
1.03557E+12,0,网络类型:无需合约版;机身颜色:深空灰色;套餐类型:官方标配;存储容量:64GB,小***你,2019/2/24 21:00,正品，未激活的质保到20年2月
1.03606E+12,0,网络类型:无需合约版;机身颜色:金色;套餐类型:官方标配;存储容量:64GB,亦***n,2019/2/28 11:44,特别棒 刚开始还担心这担心那的 结果手机到的时候特别满意
1.03639E+12,0,网络类型:无需合约版;机身颜色:金色;套餐类型:官方标配;存储容量:64GB,c***8,2019/3/2 23:58,给妈妈买的，查了是正品，当天激活
1.03575E+12,0,网络类型:无需合约版;机身颜色:深空灰色;套餐类型:官方标配;存储容量:64GB,i***e,2019/2/21 23:36,挺好的 用了几天才来评论。之前还一直担心  还是很满意可以放心买。只是快递等得我好苦
1.03482E+12,0,网络类型:无需合约版;机身颜色:银色;套餐类型:官方标配;存储容量:64GB,m***9,2019/2/13 9:48,拍照非常的好，是正品手机，看啦好久才买的，价格又便宜
1.03582E+12,0,网络类型:无需合约版;机身颜色:深空灰色;套餐类型:官方标配;存储容量:64GB,y***6,2019/2/28 11:30,不错可能 先用看看 真真品
1.03603E+12,0,网络类型:无需合约版;机身颜色:金色;套餐类型:官方标配;存储容量:64GB,t***4,2019/3/1 15:30,今天刚收到很好????喜欢的宝宝可以入手好评
1.03541E+12,0,网络类型:无需合约版;机身颜色:银色;套餐类型:官方标配;存储容量:64GB,向***5,2019/2/20 15:20,非常不错??，苏宁实体店不方便去就在网上买了，隔天就到了。手机各方面都不错。
1.03576E+12,0,网络类型:无需合约版;机身颜色:金色;套餐类型:官方标配;存储容量:64GB,煮***香,2019/2/24 10:17,买给老公的，已经用了，目前还不错，等再用过这关时候来拿再来！！！！！！！！！！！！！！！！！！！！！！！！！！！！！！！！！！！！！！！！！！！！！！！！！！！！！！！！！！！！！！！！！！！！！！！！！！！！！！！！！！
1.03558E+12,0,网络类型:无需合约版;机身颜色:金色;套餐类型:官方标配;存储容量:64GB,1***n,2019/2/25 1:42,感觉很值啊！便宜了这么多 性能很好 以前还怕抓不好手机 现在习惯了 来苏宁买东西就是安心 服务好 质量也好
1.03564E+12,0,网络类型:无需合约版;机身颜色:深空灰色;套餐类型:官方标配;存储容量:64GB,e***y,2019/2/20 12:54,外观时尚简约，性能稳定，不错的手机，值得购买。
1.03615E+12,0,网络类型:无需合约版;机身颜色:深空灰色;套餐类型:官方标配;存储容量:64GB,魔***八,2019/2/28 1:43,用着还行，女朋友喜欢得不得了
1.03505E+12,0,网络类型:无需合约版;机身颜色:银色;套餐类型:官方标配;存储容量:64GB,日***吗,2019/2/17 1:05,此用户没有填写评论!
1.03543E+12,0,网络类型:无需合约版;机身颜色:金色;套餐类型:官方标配;存储容量:64GB,林***5,2019/2/20 19:56,信赖苏宁，ipad，iPhone都在这买的，到货快，正品。手机很满意。
1.03583E+12,0,网络类型:无需合约版;机身颜色:深空灰色;套餐类型:官方标配;存储容量:64GB,a***3,2019/2/28 13:32,收到货迫不及待拆箱验货，包装无好无决，多次在苏宁易购买手机了，一如既往的好，最主要的是原装正品，今后更新手机还是在苏宁购买。
1.03636E+12,0,网络类型:无需合约版;机身颜色:深空灰色;套餐类型:官方标配;存储容量:64GB,好***2,2019/3/3 21:30,是正品目前没有什么瑕疵
1.03603E+12,0,网络类型:无需合约版;机身颜色:金色;套餐类型:官方标配;存储容量:64GB,j***1,2019/2/27 22:04,物流超级快，手机是正品，苏宁易购值得信赖！
1.03608E+12,0,网络类型:无需合约版;机身颜色:银色;套餐类型:官方标配;存储容量:64GB,配***5,2019/2/26 22:43,用了段时间 感觉还不错。推荐购买。官网查了 激活时间 那些都对的
1.03634E+12,0,网络类型:无需合约版;机身颜色:金色;套餐类型:官方标配;存储容量:64GB,李***9,2019/3/2 13:45,说真的 之前在这里买过一个ipad，感觉还不错。所以买手机也在苏宁了。快递倒是很快的，一般都是第二天就送到了。就是客服回答好慢 ，手机查了序列号，是没错的。价格也很合适。比其他地方便宜一点。主要不太满意的地方就是人工客服很慢，自主客服又不太智能。其他的都还好，不错的，下次买电子产品还来苏宁
1.03617E+12,0,网络类型:无需合约版;机身颜色:金色;套餐类型:官方标配;存储容量:64GB,宝***涵,2019/2/28 11:38,手机蛮好用的，喜欢金色的
1.03526E+12,0,网络类型:无需合约版;机身颜色:金色;套餐类型:官方标配;存储容量:64GB,t***3,2019/2/14 19:25,不错很称手，第一次用苹果手机，激活途中自己操作出现一点小插曲，客服非常耐心的解说，售后也是非常耐心帮忙，绝对量心评价，五星????????????????????
1.03574E+12,0,网络类型:无需合约版;机身颜色:金色;套餐类型:官方标配;存储容量:64GB,朱***4,2019/2/25 17:56,很好 很快 手机也好
1.03579E+12,0,网络类型:无需合约版;机身颜色:金色;套餐类型:官方标配;存储容量:64GB,相***9,2019/2/24 17:40,用的挺好的，是正品，在网上查了
1.03605E+12,0,网络类型:无需合约版;机身颜色:金色;套餐类型:官方标配;存储容量:64GB,v***静,2019/2/26 16:36,目前没啥问题，确定是新机子，很好用，送货也快
1.03576E+12,0,网络类型:无需合约版;机身颜色:金色;套餐类型:官方标配;存储容量:64GB,哒***2,2019/2/27 13:47,和想象中的一样，非常棒
1.036E+12,0,网络类型:无需合约版;机身颜色:深空灰色;套餐类型:官方标配;存储容量:64GB,若***a,2019/3/1 10:24,好用(????)好看
1.0361E+12,0,网络类型:无需合约版;机身颜色:深空灰色;套餐类型:官方标配;存储容量:64GB,5***媛,2019/2/27 11:51,快递挺快的，还没拆封，应该是正品
1.03588E+12,0,网络类型:无需合约版;机身颜色:深空灰色;套餐类型:官方标配;存储容量:64GB,a***7,2019/3/1 8:31,挺好 价格合适
1.03606E+12,0,网络类型:无需合约版;机身颜色:金色;套餐类型:官方标配;存储容量:64GB,爱***王,2019/2/28 11:57,不错挺好的 是正品
1.03572E+12,0,网络类型:无需合约版;机身颜色:金色;套餐类型:官方标配;存储容量:64GB,t***8,2019/2/21 14:22,正品新机未激活，想入手的可以放心购买。大平台值得信赖，以后会追评。
1.03607E+12,0,网络类型:无需合约版;机身颜色:银色;套餐类型:官方标配;存储容量:64GB,你***S,2019/2/26 21:51,可以说很好了，第一次用苹果，满意
1.03552E+12,0,网络类型:无需合约版;机身颜色:深空灰色;套餐类型:官方标配;存储容量:64GB,落***u,2019/2/22 10:36,正在用新手机评价，续航和6s比强了很多，屏幕也大，体验很好，这个价格性价比高，苏宁送货很快
1.0364E+12,0,网络类型:无需合约版;机身颜色:深空灰色;套餐类型:官方标配;存储容量:64GB,二***倩,2019/3/3 0:35,很好、我用了大概两周、没出现卡顿或者闪屏，配置什么都检查过，没问题，我的平板，上个苹果手机都是在苏宁易购上买的，比较相信，现在降价也比较划算。自己挣钱买手机就是舒坦。
1.03641E+12,0,网络类型:无需合约版;机身颜色:银色;套餐类型:官方标配;存储容量:64GB,z***f,2019/3/3 10:57,给兄弟买的，听说还可以
1.03554E+12,0,网络类型:无需合约版;机身颜色:深空灰色;套餐类型:官方标配;存储容量:64GB,x***1,2019/2/20 15:58,很好，特意试用了几天，很流畅，用惯了安卓机刚开始不太顺手，但习惯后很好，一直在苏宁易购买电子产品
1.03588E+12,0,网络类型:无需合约版;机身颜色:银色;套餐类型:官方标配;存储容量:64GB,杨***菁,2019/2/27 17:19,正品 很满意
1.03597E+12,0,网络类型:无需合约版;机身颜色:银色;套餐类型:官方标配;存储容量:64GB,s***0,2019/2/28 20:07,好用便宜
1.03597E+12,0,网络类型:无需合约版;机身颜色:深空灰色;套餐类型:官方标配;存储容量:64GB,优***博,2019/2/27 8:58,是正品 没错了
1.03597E+12,0,网络类型:无需合约版;机身颜色:金色;套餐类型:官方标配;存储容量:64GB,小***n,2019/3/2 10:03,手机还可以，以后继续支持
1.03596E+12,0,网络类型:无需合约版;机身颜色:深空灰色;套餐类型:官方标配;存储容量:64GB,t***s,2019/2/26 22:03,挺好的一如既往的好 在天猫苏宁买有保障
1.03625E+12,0,网络类型:无需合约版;机身颜色:深空灰色;套餐类型:官方标配;存储容量:64GB,f***8,2019/3/1 10:11,很好是正品。
1.03511E+12,0,网络类型:无需合约版;机身颜色:深空灰色;套餐类型:官方标配;存储容量:64GB,h***1,2019/2/9 12:17,此用户没有填写评论!
1.03598E+12,0,网络类型:无需合约版;机身颜色:深空灰色;套餐类型:官方标配;存储容量:64GB,t***2,2019/2/25 18:40,价格实惠，很早就想买苹果了，完成了心愿。是正品
1.03573E+12,0,网络类型:无需合约版;机身颜色:银色;套餐类型:官方标配;存储容量:64GB,t***0,2019/2/26 23:18,一天就收到了，正品。用着很好
1.03631E+12,0,网络类型:无需合约版;机身颜色:深空灰色;套餐类型:官方标配;存储容量:64GB,小***a,2019/3/1 22:09,完全满足日常所有需要，不升级系统几年没问题。
1.03616E+12,0,网络类型:无需合约版;机身颜色:深空灰色;套餐类型:官方标配;存储容量:64GB,兔***4,2019/2/28 3:05,发货快，东西好，价格也便宜
1.03611E+12,0,网络类型:无需合约版;机身颜色:深空灰色;套餐类型:官方标配;存储容量:64GB,w***3,2019/2/28 22:22,不错，喜欢的黑色
1.0358E+12,0,网络类型:无需合约版;机身颜色:深空灰色;套餐类型:官方标配;存储容量:64GB,你***呆,2019/2/27 23:18,到货很快，头一天拍，第二天就到货啦，苏宁快递很给力，电话目前用着都不错，挺好
1.03636E+12,0,网络类型:无需合约版;机身颜色:金色;套餐类型:官方标配;存储容量:64GB,杭***头,2019/3/3 22:32,正品不错
1.0359E+12,0,网络类型:无需合约版;机身颜色:金色;套餐类型:官方标配;存储容量:64GB,仁***侠,2019/3/1 12:31,正品 很好
1.03612E+12,0,网络类型:无需合约版;机身颜色:深空灰色;套餐类型:官方标配;存储容量:64GB,吴***8,2019/3/1 7:37,特地用了一段时才来评价，确定是新机无任何问题。
1.03623E+12,0,网络类型:无需合约版;机身颜色:金色;套餐类型:官方标配;存储容量:64GB,i***9,2019/2/28 22:30,物流速度快，原版，很好，推荐！！
1.03558E+12,0,网络类型:无需合约版;机身颜色:金色;套餐类型:官方标配;存储容量:64GB,v***1,2019/2/25 6:29,很流畅，拍照也很好，是国行
1.03588E+12,0,网络类型:无需合约版;机身颜色:金色;套餐类型:官方标配;存储容量:64GB,s***7,2019/3/1 8:41,帮朋友买的。搞活动真的很便宜！！！还有优惠券就更便宜了。发货也很快~
1.03548E+12,0,网络类型:无需合约版;机身颜色:深空灰色;套餐类型:官方标配;存储容量:64GB,t***2,2019/2/19 20:19,给个好评  服务态度没的说呢！正品无疑了，刚好在打折的时候买的觉得特别便宜??????爱上了鸭！！！！物流也特别快隔天都到了！！！喜欢的朋友可以动手了不要犹豫了～～我已经迫不及待的使用上了。。。??????
1.03639E+12,0,网络类型:无需合约版;机身颜色:银色;套餐类型:官方标配;存储容量:64GB,万***少,2019/3/2 22:42,很好
1.03608E+12,0,网络类型:无需合约版;机身颜色:银色;套餐类型:官方标配;存储容量:64GB,南***孩,2019/2/27 5:17,女儿用的很满意！
1.03497E+12,0,网络类型:无需合约版;机身颜色:深空灰色;套餐类型:官方标配;存储容量:64GB,m***7,2019/2/15 18:14,正品国行，6核A11  玻璃背面更漂亮了，自己配个无线充电????
1.03633E+12,0,网络类型:无需合约版;机身颜色:银色;套餐类型:官方标配;存储容量:64GB,t***4,2019/3/2 11:49,总之买了两台  我觉得挺不错的。
1.03529E+12,0,网络类型:无需合约版;机身颜色:深空灰色;套餐类型:官方标配;存储容量:64GB,永***8,2019/2/20 11:10,收到东西拿去实体店里验了，是正品，现在先用，过段时间和大家分享
1.0359E+12,0,网络类型:无需合约版;机身颜色:金色;套餐类型:官方标配;存储容量:64GB,娇***1,2019/2/27 21:16,用了几天了，目前还是很好的，等后期再追加评论。
1.03625E+12,0,网络类型:无需合约版;机身颜色:深空灰色;套餐类型:官方标配;存储容量:64GB,王***兰,2019/3/1 11:33,是正品，非常不错值得信赖
1.03533E+12,0,网络类型:无需合约版;机身颜色:银色;套餐类型:官方标配;存储容量:64GB,拉***h,2019/2/20 19:53,手机很好哦，对比下来还是苏宁易购旗舰店最划算
1.03565E+12,0,网络类型:无需合约版;机身颜色:深空灰色;套餐类型:官方标配;存储容量:64GB,a***8,2019/2/22 9:32,手机未激活过 这个价格啊算是比较划算了 还行吧
1.03608E+12,0,网络类型:无需合约版;机身颜色:金色;套餐类型:官方标配;存储容量:64GB,1***i,2019/2/27 1:03,暂时没什么问题，一切都满意
1.0359E+12,0,网络类型:无需合约版;机身颜色:金色;套餐类型:官方标配;存储容量:64GB,n***y,2019/3/1 10:54,绝对正品，服务超好。手机用了几天了，很好。
1.03566E+12,0,网络类型:无需合约版;机身颜色:深空灰色;套餐类型:官方标配;存储容量:64GB,冰***m,2019/2/26 9:40,宝贝特别好，物流的快递员服务周到，给个好评
1.03613E+12,0,网络类型:无需合约版;机身颜色:深空灰色;套餐类型:官方标配;存储容量:64GB,袁***3,2019/3/3 23:52,用着挺好的，是新机
1.03615E+12,0,网络类型:无需合约版;机身颜色:深空灰色;套餐类型:官方标配;存储容量:64GB,喷***罐,2019/2/27 22:43,这段时间使用下来还算满意
1.03567E+12,0,网络类型:无需合约版;机身颜色:银色;套餐类型:官方标配;存储容量:64GB,她***i,2019/2/22 15:35,可以用这还满意，速度也可以，昨天买的今天早上十点多就送到了很快
1.0358E+12,0,网络类型:无需合约版;机身颜色:深空灰色;套餐类型:官方标配;存储容量:64GB,t***0,2019/2/24 19:50,手机很好用，第一次在苏宁易购买手机，收到前还是很忐忑的，毕竟不是很便宜的手机，对于我们这些学生党是很好的手机了，收到货后发现之前的担心都是多余的，手机很好用！
1.03573E+12,0,网络类型:无需合约版;机身颜色:金色;套餐类型:官方标配;存储容量:64GB,黑***帝,2019/2/25 16:51,苏宁物流快，服务好
1.03546E+12,0,网络类型:无需合约版;机身颜色:深空灰色;套餐类型:官方标配;存储容量:64GB,j***8,2019/2/23 1:05,棒棒哒！速度也很快东西真的不错。哈哈哈哈哈哈哈哈哈哈啊啊哈哈哈哈哈哈哈哈哈啊哈哈哈哈哈哈哈啊哈哈哈哈哈啊啊哈哈哈哈哈哈哈哈啊哈哈哈啊哈哈
1.03612E+12,0,网络类型:无需合约版;机身颜色:银色;套餐类型:官方标配;存储容量:64GB,童***歌,2019/3/1 7:58,为了以后手机维修方便，以旧换新，果断入手国行，而且天猫苏宁店是全网最便宜的，在这买的平板用了三年没出问题，有保障！
1.03591E+12,0,网络类型:无需合约版;机身颜色:金色;套餐类型:官方标配;存储容量:64GB,y***3,2019/2/27 22:37,已经拿到啦，非常放心。
1.03619E+12,0,网络类型:无需合约版;机身颜色:深空灰色;套餐类型:官方标配;存储容量:64GB,9***n,2019/3/1 21:41,很好用，继续使用后再评价
1.03603E+12,0,网络类型:无需合约版;机身颜色:银色;套餐类型:官方标配;存储容量:64GB,花***5,2019/2/27 22:22,用了一段时间，挺不错的，是真的
1.03549E+12,0,网络类型:无需合约版;机身颜色:银色;套餐类型:官方标配;存储容量:64GB,卖***沙,2019/2/21 17:24,棒
1.03502E+12,0,网络类型:无需合约版;机身颜色:金色;套餐类型:官方标配;存储容量:64GB,t***2,2019/2/14 20:27,手机不错，应该是原装，用了几天才来评价，感觉除了电池略微差一点点外，色彩及速度都好，要是看视频不多一天够用，好评
1.03618E+12,0,网络类型:无需合约版;机身颜色:银色;套餐类型:官方标配;存储容量:64GB,孤***1,2019/3/1 19:39,以后写追评，现在挺好的
1.0363E+12,0,网络类型:无需合约版;机身颜色:金色;套餐类型:官方标配;存储容量:64GB,弹***了,2019/3/1 20:19,手机很好
1.03587E+12,0,网络类型:无需合约版;机身颜色:银色;套餐类型:官方标配;存储容量:64GB,我***l,2019/2/24 9:47,用了一段时间才来评价，嗯 还不错 用起来满顺手的 就是有点大 影响我开挖机。
1.03583E+12,0,网络类型:无需合约版;机身颜色:深空灰色;套餐类型:官方标配;存储容量:64GB,t***0,2019/2/23 13:45,手机是全新正版，非常满意的一次购物
1.03581E+12,0,网络类型:无需合约版;机身颜色:深空灰色;套餐类型:官方标配;存储容量:64GB,c***7,2019/2/28 9:13,手机是好的
1.03601E+12,0,网络类型:无需合约版;机身颜色:银色;套餐类型:官方标配;存储容量:64GB,l***9,2019/3/1 12:28,此用户没有填写评论!
1.03604E+12,0,网络类型:无需合约版;机身颜色:深空灰色;套餐类型:官方标配;存储容量:64GB,亲***控,2019/3/2 22:40,目前来说还是可以的
1.03564E+12,0,网络类型:无需合约版;机身颜色:深空灰色;套餐类型:官方标配;存储容量:64GB,c***9,2019/2/24 12:00,宝贝不错哦！颜色很好看！性价比非常好。值得信赖！
1.03602E+12,0,网络类型:无需合约版;机身颜色:金色;套餐类型:官方标配;存储容量:64GB,h***2,2019/2/26 10:47,又好又快，还能验货，好玩
1.03567E+12,0,网络类型:无需合约版;机身颜色:金色;套餐类型:官方标配;存储容量:64GB,孙***4,2019/2/22 17:01,挺不错的，老婆很喜欢，没发现什么问题，挺好！
1.03614E+12,0,网络类型:无需合约版;机身颜色:金色;套餐类型:官方标配;存储容量:64GB,杨***1,2019/3/2 21:31,挺好的，应该是正品
1.03586E+12,0,网络类型:无需合约版;机身颜色:金色;套餐类型:官方标配;存储容量:64GB,水***6,2019/2/23 21:56,不错，手机很喜欢，操作很流畅。
1.03609E+12,0,网络类型:无需合约版;机身颜色:深空灰色;套餐类型:官方标配;存储容量:64GB,卿***k,2019/3/2 11:32,挺好的!!!开机感觉特别顺畅，用这么久，都很好。
1.03607E+12,0,网络类型:无需合约版;机身颜色:深空灰色;套餐类型:官方标配;存储容量:64GB,j***板,2019/3/3 13:24,到店里鉴定过，是正品。我就想要个纸制发票，客服一推再推
1.03573E+12,0,网络类型:无需合约版;机身颜色:金色;套餐类型:官方标配;存储容量:64GB,欣***q,2019/2/27 8:50,用了一段时间 还不错
1.03562E+12,0,网络类型:无需合约版;机身颜色:金色;套餐类型:官方标配;存储容量:64GB,q***n,2019/2/25 16:57,手机是正品，这个价格值得购买
1.03594E+12,0,网络类型:无需合约版;机身颜色:深空灰色;套餐类型:官方标配;存储容量:64GB,z***h,2019/2/28 12:46,挺好不错，没问题
1.03613E+12,0,网络类型:无需合约版;机身颜色:金色;套餐类型:官方标配;存储容量:64GB,l***爷,2019/3/3 23:09,上手感觉还可以
1.03569E+12,0,网络类型:无需合约版;机身颜色:金色;套餐类型:官方标配;存储容量:64GB,t***6,2019/2/14 18:41,此用户没有填写评论!
1.03588E+12,0,网络类型:无需合约版;机身颜色:深空灰色;套餐类型:官方标配;存储容量:64GB,l***谦,2019/2/28 23:57,目前还可以，待追评
1.03507E+12,0,网络类型:无需合约版;机身颜色:银色;套餐类型:官方标配;存储容量:64GB,t***5,2019/2/17 10:38,用了几天才来评价 是正品 运行很快 待机时间很长 清晰度高 款式设计的很到位 非常好很满意
1.03632E+12,0,网络类型:无需合约版;机身颜色:银色;套餐类型:官方标配;存储容量:64GB,寻***落,2019/3/2 8:49,一如既往的支持，客服细心解答，问题及时回复解决！
1.03611E+12,0,网络类型:无需合约版;机身颜色:金色;套餐类型:官方标配;存储容量:64GB,t***6,2019/2/27 13:45,很好很不错用着很好
1.03512E+12,0,网络类型:无需合约版;机身颜色:金色;套餐类型:官方标配;存储容量:64GB,h***j,2019/2/14 14:07,应该可以的，手感触控方面都不错，至于信号，通话等再用一段时间再追加评论
1.03632E+12,0,网络类型:无需合约版;机身颜色:深空灰色;套餐类型:官方标配;存储容量:64GB,曾***心,2019/3/3 14:35,非常值得购买
1.03613E+12,0,网络类型:无需合约版;机身颜色:金色;套餐类型:官方标配;存储容量:64GB,馨***8,2019/3/1 10:00,当备用机不错
1.03553E+12,0,网络类型:无需合约版;机身颜色:深空灰色;套餐类型:官方标配;存储容量:64GB,雨***街,2019/2/22 12:08,查了是正品 国行 用用看吧 现在看来不错 第一天使用
1.03548E+12,0,网络类型:无需合约版;机身颜色:金色;套餐类型:官方标配;存储容量:64GB,一***店,2019/2/23 14:51,用了3天，是正品吧。喜欢????????希望一直这么好
1.03568E+12,0,网络类型:无需合约版;机身颜色:银色;套餐类型:官方标配;存储容量:64GB,d***6,2019/2/22 18:11,苏宁易购手机不错，便宜质量好
1.03582E+12,0,网络类型:无需合约版;机身颜色:深空灰色;套餐类型:官方标配;存储容量:64GB,热***他,2019/2/28 12:14,苏宁还是放心的
1.03592E+12,0,网络类型:无需合约版;机身颜色:银色;套餐类型:官方标配;存储容量:64GB,青***8,2019/2/28 10:11,第一次在网上买手机，不错
1.03607E+12,0,网络类型:无需合约版;机身颜色:金色;套餐类型:官方标配;存储容量:64GB,尼***爷,2019/3/1 23:28,用上了，还可以吧
1.03611E+12,0,网络类型:无需合约版;机身颜色:银色;套餐类型:官方标配;存储容量:64GB,似***3,2019/2/28 21:45,还不错，挺好的
1.03591E+12,0,网络类型:无需合约版;机身颜色:深空灰色;套餐类型:官方标配;存储容量:64GB,c***越,2019/2/26 11:24,货很好 很哇塞
1.03601E+12,0,网络类型:无需合约版;机身颜色:银色;套餐类型:官方标配;存储容量:64GB,l***1,2019/2/26 9:28,宝贝收到了，很好用。
1.03607E+12,0,网络类型:无需合约版;机身颜色:金色;套餐类型:官方标配;存储容量:64GB,c***7,2019/2/26 21:19,嘻嘻超级好用 快递小哥态度超级好的??
1.03599E+12,0,网络类型:无需合约版;机身颜色:金色;套餐类型:官方标配;存储容量:64GB,l***4,2019/3/1 4:10,目前没问题
1.03566E+12,0,网络类型:无需合约版;机身颜色:深空灰色;套餐类型:官方标配;存储容量:64GB,t***8,2019/2/26 9:19,正品，用了好几天没发现什么问题，五星好评
1.03582E+12,0,网络类型:无需合约版;机身颜色:深空灰色;套餐类型:官方标配;存储容量:64GB,和***5,2019/2/26 20:16,发货很快，目前手机正常，全新机
1.03529E+12,0,网络类型:无需合约版;机身颜色:金色;套餐类型:官方标配;存储容量:64GB,蓝***羽,2019/2/15 13:37,此用户没有填写评论!
1.03633E+12,0,网络类型:无需合约版;机身颜色:深空灰色;套餐类型:官方标配;存储容量:64GB,v***2,2019/3/2 11:49,好用，很OK！
1.03595E+12,0,网络类型:无需合约版;机身颜色:深空灰色;套餐类型:官方标配;存储容量:64GB,古***棠,2019/2/26 19:35,正品，用了10天了，8P吃鸡一流
1.03612E+12,0,网络类型:无需合约版;机身颜色:金色;套餐类型:官方标配;存储容量:64GB,芸***草,2019/2/27 15:53,宝贝收到，等用过再来评价的
1.03603E+12,0,网络类型:无需合约版;机身颜色:深空灰色;套餐类型:官方标配;存储容量:64GB,t***3,2019/2/26 12:41,感觉很好
1.03631E+12,0,网络类型:无需合约版;机身颜色:深空灰色;套餐类型:官方标配;存储容量:64GB,赏***j,2019/3/2 0:09,还可以??
1.03579E+12,0,网络类型:无需合约版;机身颜色:金色;套餐类型:官方标配;存储容量:64GB,a***9,2019/2/26 12:23,超级喜欢
1.03518E+12,0,网络类型:无需合约版;机身颜色:金色;套餐类型:官方标配;存储容量:64GB,t***5,2019/2/17 10:41,手机还好，比想象的更好，这个价格真的非常不错哦，希望大家可以买哦！
1.03621E+12,0,网络类型:无需合约版;机身颜色:银色;套餐类型:官方标配;存储容量:64GB,t***0,2019/2/28 19:55,手机很好 就是原装充电速度很慢 手机超级流畅 a&apos;11芯片很强 我是一个不爱评价的小懒，也不是不爱评价，只是懒得打很多的字。但是淘宝要打很多字才会有积分吖！ suoyi 就出现了这个好评模板！哈哈哈哈！这说明我对这次购买的宝贝是非常满意啦，来来来，数数字数够不够！ ok ！够数，完美 y (??.)耶~
1.03551E+12,0,网络类型:无需合约版;机身颜色:金色;套餐类型:官方标配;存储容量:64GB,味***此,2019/2/21 22:00,正品手机很好用支持购买
1.03598E+12,0,网络类型:无需合约版;机身颜色:深空灰色;套餐类型:官方标配;存储容量:64GB,a***艳,2019/2/27 10:01,各方面都挺好的，客服也耐心讲解，满意
1.0362E+12,0,网络类型:无需合约版;机身颜色:金色;套餐类型:官方标配;存储容量:64GB,宇***谷,2019/3/3 15:54,正品，不错，很满意！
1.0357E+12,0,网络类型:无需合约版;机身颜色:银色;套餐类型:官方标配;存储容量:64GB,t***2,2019/2/26 16:46,正品 发货速度快 快递态度不好
1.03592E+12,0,网络类型:无需合约版;机身颜色:银色;套餐类型:官方标配;存储容量:64GB,z***9,2019/2/28 9:33,快递小哥责任心很强！点赞
1.03579E+12,0,网络类型:无需合约版;机身颜色:金色;套餐类型:官方标配;存储容量:64GB,晓***4,2019/2/24 17:06,怀着忐忑心情买的，观望很久了，很担心怕买到翻新手机，收到货之后我就拿到苹果专卖店验证是正品，不错，暂时没有发现什么问题
1.03545E+12,0,网络类型:无需合约版;机身颜色:深空灰色;套餐类型:官方标配;存储容量:64GB,t***0,2019/2/22 21:54,很好，正品！手机很流畅！
1.03571E+12,0,网络类型:无需合约版;机身颜色:银色;套餐类型:官方标配;存储容量:64GB,绮***g,2019/2/21 12:01,送货很快，因为没在家快递小哥帮我放家附近的苏宁门店了，门店的工作人员也很热心，教我怎么查序列号。手机系统很流畅，屏幕显示的质感很好，活动价入手物有所值
1.03565E+12,0,网络类型:无需合约版;机身颜色:银色;套餐类型:官方标配;存储容量:64GB,1***菌,2019/2/25 22:37,送给女朋友的，很喜欢，女朋友喜欢，多少钱都无所谓。
1.03607E+12,0,网络类型:无需合约版;机身颜色:深空灰色;套餐类型:官方标配;存储容量:64GB,旦***珍,2019/2/28 13:14,先看看吧，过几天来评论
1.03558E+12,0,网络类型:无需合约版;机身颜色:深空灰色;套餐类型:官方标配;存储容量:64GB,谁***乖,2019/2/21 9:37,好的平台购物还是让人放心的，朋友推荐的，靠谱！
1.03575E+12,0,网络类型:无需合约版;机身颜色:深空灰色;套餐类型:官方标配;存储容量:64GB,g***幕,2019/2/27 12:00,还阔以吧
1.03592E+12,0,网络类型:无需合约版;机身颜色:金色;套餐类型:官方标配;存储容量:64GB,槿***c,2019/2/28 9:38,挺好的h因 为本仙女很懒，不想每个产品都一条儿条儿的写评 论，所以特意写了这样一个评论。这件商品，无论 是质量还是款式，都是本仙女中意的。不然的话你 就会发现我有多吐槽商品。所以说这个产品还是非 常值得购买的，祝看到这条评论的小仙女美丽大方
1.03581E+12,0,网络类型:无需合约版;机身颜色:银色;套餐类型:官方标配;存储容量:64GB,方***i,2019/2/22 22:32,手机很好用  是正品  好评
1.03505E+12,0,网络类型:无需合约版;机身颜色:深空灰色;套餐类型:官方标配;存储容量:64GB,极***7,2019/2/15 12:48,手机第二天就到了 电池够用系统丝滑 Great
1.0361E+12,0,网络类型:无需合约版;机身颜色:金色;套餐类型:官方标配;存储容量:64GB,t***0,2019/3/3 18:29,用了一段时间才来评论的，手机没有任何问题，很不错
1.03576E+12,0,网络类型:无需合约版;机身颜色:深空灰色;套餐类型:官方标配;存储容量:64GB,8***g,2019/2/22 9:40,大公司值得信赖，是原装未激活。物流也很快，今天下单明天到！
1.03579E+12,0,网络类型:无需合约版;机身颜色:深空灰色;套餐类型:官方标配;存储容量:64GB,l***7,2019/2/22 17:35,没毛病 正品无疑 用几天才评价的
1.0361E+12,0,网络类型:无需合约版;机身颜色:金色;套餐类型:官方标配;存储容量:64GB,c***c,2019/2/27 12:43,退款迅速哈哈
1.03585E+12,0,网络类型:无需合约版;机身颜色:深空灰色;套餐类型:官方标配;存储容量:64GB,t***9,2019/2/28 17:51,做工精良，是正品，快递也很给力
1.0359E+12,0,网络类型:无需合约版;机身颜色:金色;套餐类型:官方标配;存储容量:64GB,l***9,2019/2/24 15:17,是正品请大家放心购买
1.03606E+12,0,网络类型:无需合约版;机身颜色:银色;套餐类型:官方标配;存储容量:64GB,都***1,2019/3/3 11:45,送货很快
1.0353E+12,0,网络类型:无需合约版;机身颜色:银色;套餐类型:官方标配;存储容量:64GB,机***士,2019/2/20 14:51,质量很好，很好用比实体店便宜，非常满意。
1.0363E+12,0,网络类型:无需合约版;机身颜色:银色;套餐类型:官方标配;存储容量:64GB,t***7,2019/3/1 20:25,物流非常快
1.03541E+12,0,网络类型:无需合约版;机身颜色:银色;套餐类型:官方标配;存储容量:64GB,t***0,2019/2/22 9:06,手机是正品，颜值很高，很喜欢。
1.03648E+12,0,网络类型:无需合约版;机身颜色:深空灰色;套餐类型:官方标配;存储容量:64GB,r***8,2019/3/3 22:24,8P不错，最好是次日达，要给32个赞??
1.03593E+12,0,网络类型:无需合约版;机身颜色:深空灰色;套餐类型:官方标配;存储容量:64GB,h***3,2019/2/24 23:05,不错哦，全新未激活
1.0358E+12,0,网络类型:无需合约版;机身颜色:金色;套餐类型:官方标配;存储容量:64GB,t***6,2019/2/22 19:31,一直忘记收货了，手机是正品
1.0359E+12,0,网络类型:无需合约版;机身颜色:银色;套餐类型:官方标配;存储容量:64GB,半***灬,2019/3/1 11:54,总得来说 性价比不错.手机买回来聊天打电话的64G已经足以.电池一天一充 上班使用就无休的时候刷刷新闻 爱思助手检测也是全绿 不错的手机
1.03545E+12,0,网络类型:无需合约版;机身颜色:金色;套餐类型:官方标配;存储容量:64GB,t***4,2019/2/21 1:56,一直想买苹果很久了，这次凌晨打折买完以后下午就送到了虽然填错了手机但快递小哥还是很认真负责的核对完让我签字，手机是正品也是未激活的，好评！
1.03616E+12,0,网络类型:无需合约版;机身颜色:深空灰色;套餐类型:官方标配;存储容量:64GB,l***7,2019/2/28 2:42,不错不错，大品牌，值得信赖，挺好的，物流很快
1.03538E+12,0,网络类型:无需合约版;机身颜色:深空灰色;套餐类型:官方标配;存储容量:64GB,c***6,2019/2/18 12:38,给老公买的，比我的金色要轻，也不知道为啥，现在用起来还不错，挺好的
1.0353E+12,0,网络类型:无需合约版;机身颜色:深空灰色;套餐类型:官方标配;存储容量:64GB,y***5,2019/2/20 12:52,试了几天，新手机很好用，价格也很便宜 快递很好
1.03563E+12,0,网络类型:无需合约版;机身颜色:金色;套餐类型:官方标配;存储容量:64GB,5***1,2019/2/25 18:30,苏宁不错手机很好 大爱！不知道售后咋样之后再来追评
1.03589E+12,0,网络类型:无需合约版;机身颜色:银色;套餐类型:官方标配;存储容量:64GB,w***9,2019/2/24 13:08,拍出来的照片挺清晰的
1.0357E+12,0,网络类型:无需合约版;机身颜色:深空灰色;套餐类型:官方标配;存储容量:64GB,s***3,2019/2/25 9:22,满意！前一天晚上下单第二天早上就收到啦！
1.03528E+12,0,网络类型:无需合约版;机身颜色:深空灰色;套餐类型:官方标配;存储容量:64GB,g***d,2019/2/16 22:15,给自己买的情人节?? 隔天就到了 哈哈哈  手机??是正品   运行速度很快  玩了几局吃鸡反应可以   黑色真的是巨好看   良心推荐
1.03557E+12,0,网络类型:无需合约版;机身颜色:银色;套餐类型:官方标配;存储容量:64GB,雪***5,2019/2/24 21:15,手机非常好用，愉快的一次购物！
1.03562E+12,0,网络类型:无需合约版;机身颜色:深空灰色;套餐类型:官方标配;存储容量:64GB,w***l,2019/2/23 22:27,续航能力：过年给爸爸的礼物，爸爸非常喜欢，下单到送货都很快！。
1.03524E+12,0,网络类型:无需合约版;机身颜色:深空灰色;套餐类型:官方标配;存储容量:64GB,l***4,2019/2/16 13:09,手机是正品 全新国行 以前一直用金色的 感觉黑色的挺大气
1.03626E+12,0,网络类型:无需合约版;机身颜色:银色;套餐类型:官方标配;存储容量:64GB,萝***瓜,2019/3/2 20:22,耳机有问题，其余不错
1.03583E+12,0,网络类型:无需合约版;机身颜色:深空灰色;套餐类型:官方标配;存储容量:64GB,大***我,2019/2/28 14:27,不错，是正品
1.03597E+12,0,网络类型:无需合约版;机身颜色:深空灰色;套餐类型:官方标配;存储容量:64GB,7***e,2019/3/2 10:30,用了一段时间还好，充满用一天没问题，系统流畅。已摔过两次，大理石地板&hellip;&hellip;幸好及早买了气囊套。
1.03596E+12,0,网络类型:无需合约版;机身颜色:金色;套餐类型:官方标配;存储容量:64GB,y***0,2019/2/25 14:18,正品好用 很ok
1.03593E+12,0,网络类型:无需合约版;机身颜色:深空灰色;套餐类型:官方标配;存储容量:64GB,否***3,2019/2/25 6:43,不错，正品全新。苏宁值得信赖
1.03572E+12,0,网络类型:无需合约版;机身颜色:深空灰色;套餐类型:官方标配;存储容量:64GB,q***7,2019/2/25 14:34,手机很好，是正品。拍下第二天就到了。
1.03603E+12,0,网络类型:无需合约版;机身颜色:金色;套餐类型:官方标配;存储容量:64GB,z***6,2019/3/2 20:52,不错，很好用
1.03624E+12,0,网络类型:无需合约版;机身颜色:金色;套餐类型:官方标配;存储容量:64GB,y***媛,2019/3/1 9:27,还不错，满意
1.0359E+12,0,网络类型:无需合约版;机身颜色:金色;套餐类型:官方标配;存储容量:64GB,z***2,2019/2/27 20:27,满意，速度快
1.0354E+12,0,网络类型:无需合约版;机身颜色:金色;套餐类型:官方标配;存储容量:64GB,w***3,2019/2/20 12:29,第一次用苹果，还在摸索中
1.03568E+12,0,网络类型:无需合约版;机身颜色:金色;套餐类型:官方标配;存储容量:64GB,安***e,2019/2/22 20:00,是正品哦！很好用
1.03535E+12,0,网络类型:无需合约版;机身颜色:深空灰色;套餐类型:官方标配;存储容量:64GB,t***8,2019/2/21 8:47,是正品很好用。
1.03566E+12,0,网络类型:无需合约版;机身颜色:深空灰色;套餐类型:官方标配;存储容量:64GB,w***1,2019/2/24 15:34,东西很满意，非常不错。
1.03502E+12,0,网络类型:无需合约版;机身颜色:深空灰色;套餐类型:官方标配;存储容量:64GB,下***噢,2019/2/12 16:56,非常满意，速度特别流畅，已查过是正品，可以放心购买
1.03582E+12,0,网络类型:无需合约版;机身颜色:金色;套餐类型:官方标配;存储容量:64GB,强***o,2019/2/25 8:59,用过一段时间了感觉很好用，查了序列号也没什么问题，是正品，就是耗电有点快
1.03582E+12,0,网络类型:无需合约版;机身颜色:金色;套餐类型:官方标配;存储容量:64GB,虚***2,2019/2/23 11:57,非常好！推荐购买！上午买，下午就到了，一直用到自动收货才来评价的！希望苹果能价格再往下调，以后还是买苹果！苹果就是熟悉亲切！
1.03641E+12,0,网络类型:无需合约版;机身颜色:金色;套餐类型:官方标配;存储容量:64GB,7***人,2019/3/3 9:38,挺好的，没毛病
1.03555E+12,0,网络类型:无需合约版;机身颜色:银色;套餐类型:官方标配;存储容量:64GB,可***话,2019/2/22 16:52,很不错，手感也不错??是正品
1.03566E+12,0,网络类型:无需合约版;机身颜色:银色;套餐类型:官方标配;存储容量:64GB,t***1,2019/2/20 15:48,宝贝很好，拿到手手感很棒，感谢苏宁
1.03552E+12,0,网络类型:无需合约版;机身颜色:深空灰色;套餐类型:官方标配;存储容量:64GB,t***8,2019/2/22 10:06,这个价位还是不错的，全网通，正品，值得购买。多用几年吧。
1.03545E+12,0,网络类型:无需合约版;机身颜色:金色;套餐类型:官方标配;存储容量:64GB,某***你,2019/2/21 8:09,手机非常棒  给个赞   不错不错
1.03568E+12,0,网络类型:无需合约版;机身颜色:深空灰色;套餐类型:官方标配;存储容量:64GB,既***天,2019/2/22 20:19,很好 东西用着不错
1.03531E+12,0,网络类型:无需合约版;机身颜色:金色;套餐类型:官方标配;存储容量:64GB,t***6,2019/2/19 9:25,年前买的当时还犹豫呢，不知道是不是正品呢，买回来果然是正品哦，特别喜欢哦，给个五星好评
1.03609E+12,0,网络类型:无需合约版;机身颜色:深空灰色;套餐类型:官方标配;存储容量:64GB,n***y,2019/2/27 10:58,在苏宁买了2部8p了。都是正品，不错。
1.03583E+12,0,网络类型:无需合约版;机身颜色:银色;套餐类型:官方标配;存储容量:64GB,j***0,2019/2/25 10:40,两个字正品
1.03568E+12,0,网络类型:无需合约版;机身颜色:深空灰色;套餐类型:官方标配;存储容量:64GB,李***3,2019/2/22 20:22,宝贝非常满意 手机非常出色
1.03566E+12,0,网络类型:无需合约版;机身颜色:深空灰色;套餐类型:官方标配;存储容量:64GB,会***1,2019/2/20 16:45,本来是想买那个256G的，打不开支付页面。不过这个也行了。下次还会买
1.03615E+12,0,网络类型:无需合约版;机身颜色:深空灰色;套餐类型:官方标配;存储容量:64GB,t***8,2019/2/28 0:57,在官网上查过了是正品，特意用了一段时间再来评价，没有出现问题，蛮好用的，物流也很快，好评
1.03616E+12,0,网络类型:无需合约版;机身颜色:深空灰色;套餐类型:官方标配;存储容量:64GB,t***9,2019/3/3 1:37,挺好的，用的很好
1.03543E+12,0,网络类型:无需合约版;机身颜色:深空灰色;套餐类型:官方标配;存储容量:64GB,x***n,2019/2/20 18:57,手机收到了，非常满意！价格合理
1.03594E+12,0,网络类型:无需合约版;机身颜色:深空灰色;套餐类型:官方标配;存储容量:64GB,吴***7,2019/2/25 9:45,正品无疑
1.03533E+12,0,网络类型:无需合约版;机身颜色:金色;套餐类型:官方标配;存储容量:64GB,汉***9,2019/2/20 20:01,不错 老妈很满意
1.03545E+12,0,网络类型:无需合约版;机身颜色:银色;套餐类型:官方标配;存储容量:64GB,z***荣,2019/2/8 18:44,此用户没有填写评论!
1.03567E+12,0,网络类型:无需合约版;机身颜色:深空灰色;套餐类型:官方标配;存储容量:64GB,皓***元,2019/2/20 17:57,手机收到没话说，苏宁的货源正，第一次用苹果，虽然不习惯但是很有质感
1.03545E+12,0,网络类型:无需合约版;机身颜色:深空灰色;套餐类型:官方标配;存储容量:64GB,t***4,2019/2/22 21:51,很满意这款手机，电很耐用，值得购买。
1.03553E+12,0,网络类型:无需合约版;机身颜色:深空灰色;套餐类型:官方标配;存储容量:64GB,百***就,2019/2/24 12:24,手机不错好用 没毛病
1.03567E+12,0,网络类型:无需合约版;机身颜色:银色;套餐类型:官方标配;存储容量:64GB,x***i,2019/2/22 16:13,全新，正品！已经在这里买第二台了，服务也很好，之前送了一个有划痕，拒收给客服说一下，客服会再发一台。很棒！
1.03541E+12,0,网络类型:无需合约版;机身颜色:深空灰色;套餐类型:官方标配;存储容量:64GB,o***l,2019/2/17 9:45,买到完美的机子，高通的基带，外观也没有任何瑕疵。
1.03581E+12,0,网络类型:无需合约版;机身颜色:深空灰色;套餐类型:官方标配;存储容量:64GB,川***伟,2019/2/23 8:52,还不错，国行正品
1.03542E+12,0,网络类型:无需合约版;机身颜色:金色;套餐类型:官方标配;存储容量:64GB,g***c,2019/2/22 11:14,机子需要用一段时间看
1.03595E+12,0,网络类型:无需合约版;机身颜色:银色;套餐类型:官方标配;存储容量:64GB,l***影,2019/2/25 10:59,快递给力  夜里12点下单  第二天早上8点收到  赞
1.03524E+12,0,网络类型:无需合约版;机身颜色:银色;套餐类型:官方标配;存储容量:64GB,o***o,2019/2/16 12:52,东西好的 昨天买的今天到了很快。满意
1.03555E+12,0,网络类型:无需合约版;机身颜色:深空灰色;套餐类型:官方标配;存储容量:64GB,s***1,2019/2/20 16:58,买给家里人的、他很喜欢...、有机会还来这里买
1.03511E+12,0,网络类型:无需合约版;机身颜色:金色;套餐类型:官方标配;存储容量:64GB,m***贝,2019/2/14 10:57,用了一段时间，不错哦，电池耐用，其他也挺好的??
1.03523E+12,0,网络类型:无需合约版;机身颜色:深空灰色;套餐类型:官方标配;存储容量:64GB,淡***妆,2019/2/17 22:46,很好 全新机 棒棒哒 有需要还是会来的
1.01471E+12,0,网络类型:无需合约版;机身颜色:金色;套餐类型:官方标配;存储容量:64GB,想***3,2018/8/25 7:44,很好用、颜值很高哦，希望希望下一代有惊喜
1.03583E+12,0,网络类型:无需合约版;机身颜色:金色;套餐类型:官方标配;存储容量:64GB,x***0,2019/2/23 14:18,手机目前用这没有什么问题，挺好的。
1.03519E+12,0,网络类型:无需合约版;机身颜色:深空灰色;套餐类型:官方标配;存储容量:64GB,b***n,2019/2/15 15:54,在官网上验证过序列号，是符合的，上午下单，下午就到了，速度很快。
1.03551E+12,0,网络类型:无需合约版;机身颜色:银色;套餐类型:官方标配;存储容量:64GB,s***冷,2019/2/23 21:36,用了大半个月了 查了序列号是正品 不错第二天就到了
1.03511E+12,0,网络类型:无需合约版;机身颜色:深空灰色;套餐类型:官方标配;存储容量:64GB,小***1,2019/2/14 11:55,总算如愿，比想象的流畅，屏幕效果也很不错，下次一定在此光顾
1.03518E+12,0,网络类型:无需合约版;机身颜色:银色;套餐类型:官方标配;存储容量:64GB,t***a,2019/2/17 11:02,挺好，用了几天，查了下，是正品，打王者很给力，总体来说，还不错，价格合适，比专卖店便宜好多。好评
1.03519E+12,0,网络类型:无需合约版;机身颜色:深空灰色;套餐类型:官方标配;存储容量:64GB,g***0,2019/2/18 20:57,神仙像素 超级好评
1.03582E+12,0,网络类型:无需合约版;机身颜色:深空灰色;套餐类型:官方标配;存储容量:64GB,暗***d,2019/2/25 1:38,使用中 暂时没有什么问题
1.03552E+12,0,网络类型:无需合约版;机身颜色:金色;套餐类型:官方标配;存储容量:64GB,1***聪,2019/2/20 9:56,用了几天才来评价，目前都好
1.03541E+12,0,网络类型:无需合约版;机身颜色:金色;套餐类型:官方标配;存储容量:64GB,t***1,2019/2/22 8:42,正品，苏宁还是值得信赖
1.03537E+12,0,网络类型:无需合约版;机身颜色:深空灰色;套餐类型:官方标配;存储容量:64GB,l***8,2019/2/21 15:09,第二次购买 非常满意
1.03571E+12,0,网络类型:无需合约版;机身颜色:银色;套餐类型:官方标配;存储容量:64GB,邱***1,2019/2/23 13:02,宝贝受到了，是正品哦
1.03514E+12,0,网络类型:无需合约版;机身颜色:银色;套餐类型:官方标配;存储容量:64GB,夏***凉,2019/2/14 18:01,很好 全新正品
1.03539E+12,0,网络类型:无需合约版;机身颜色:深空灰色;套餐类型:官方标配;存储容量:64GB,丿***绪,2019/2/18 13:24,iphoen8p 用爱思验了没问题  手机也看过是原装国行的 运行也挺流畅 就是没什么电的时候 有出现色纹现象 应该是ios12.1的问题 要有11的版本就好了
1.03593E+12,0,网络类型:无需合约版;机身颜色:金色;套餐类型:官方标配;存储容量:64GB,我***数,2019/2/26 16:44,^_^手机用着很好！是新机！只是我看了看产地竟然在郑州富士康？？？
1.0354E+12,0,网络类型:无需合约版;机身颜色:深空灰色;套餐类型:官方标配;存储容量:64GB,偏***你,2019/2/20 11:26,还可以吧 8p性价比高一点
1.03567E+12,0,网络类型:无需合约版;机身颜色:银色;套餐类型:官方标配;存储容量:64GB,t***1,2019/2/22 15:51,还是不错的，工重/ 青蛙村还是不错的
1.03573E+12,0,网络类型:无需合约版;机身颜色:银色;套餐类型:官方标配;存储容量:64GB,t***0,2019/2/23 18:22,怎么感觉声音大的时候有震动，总体还不错，到货速度快。一直在苏宁易购买电子产品，值得信赖。
1.03623E+12,0,网络类型:无需合约版;机身颜色:银色;套餐类型:官方标配;存储容量:64GB,康***1,2019/3/3 21:36,我是看到知乎有人在苏宁折扣买了iPhone8，然后我才知道原来苹果降价了，趁8p便宜我也在苏宁入手了，用着比我之前的三星S7E好，10多天了，手机也没出什么问题，好评！ 一般 还行 good 轻度使用，1天没问题
1.03569E+12,0,网络类型:无需合约版;机身颜色:金色;套餐类型:官方标配;存储容量:64GB,t***4,2019/2/22 21:50,刚来始用几天，感觉还不错，值得购买。
1.03491E+12,0,网络类型:无需合约版;机身颜色:金色;套餐类型:官方标配;存储容量:64GB,吴***东,2019/2/14 18:26,行货贵点买的放心，手机真心是漂亮，性能好
1.03532E+12,0,网络类型:无需合约版;机身颜色:深空灰色;套餐类型:官方标配;存储容量:64GB,h***9,2019/2/20 18:09,用了一段时间很好，没毛病
1.03551E+12,0,网络类型:无需合约版;机身颜色:深空灰色;套餐类型:官方标配;存储容量:64GB,y***g,2019/2/23 23:18,苏兔兔服务超好还有小锰亲亲
1.03517E+12,0,网络类型:无需合约版;机身颜色:金色;套餐类型:官方标配;存储容量:64GB,1***p,2019/2/15 10:35,正品！很棒，触感有点不灵敏啊，不知道是钢化膜还是手机，重点说一下，充电很慢，需要买12万以上的适配器，放电也有点快，真实体验！
1.0355E+12,0,网络类型:无需合约版;机身颜色:深空灰色;套餐类型:官方标配;存储容量:64GB,d***h,2019/2/23 19:45,好，发货快，降价很实惠。
1.03578E+12,0,网络类型:无需合约版;机身颜色:深空灰色;套餐类型:官方标配;存储容量:64GB,y***n,2019/2/22 16:31,一天送达，用了几天，物有所值。
1.03554E+12,0,网络类型:无需合约版;机身颜色:金色;套餐类型:官方标配;存储容量:64GB,c***雯,2019/2/22 14:33,手机很好
1.03555E+12,0,网络类型:无需合约版;机身颜色:金色;套餐类型:官方标配;存储容量:64GB,c***赖,2019/2/22 19:00,很好，年前买的，用到现在未出现任何问题，买的金色，很好看。
1.03565E+12,0,网络类型:无需合约版;机身颜色:银色;套餐类型:官方标配;存储容量:64GB,a***1,2019/2/25 21:52,很快就送到了，手机很漂亮
1.03579E+12,0,网络类型:无需合约版;机身颜色:银色;套餐类型:官方标配;存储容量:64GB,就***哥,2019/2/22 19:00,非常值得购买  值得信赖
1.03574E+12,0,网络类型:无需合约版;机身颜色:深空灰色;套餐类型:官方标配;存储容量:64GB,沉***护,2019/2/21 20:29,手机很不错啦，很喜欢，嘻嘻
1.03492E+12,0,网络类型:无需合约版;机身颜色:深空灰色;套餐类型:官方标配;存储容量:64GB,l***0,2019/2/14 23:44,苏宁易购的快递非常给力，次日上午就收到了。手机很OK，价格也非常实惠，买给老妈用正合适。
1.03577E+12,0,网络类型:无需合约版;机身颜色:深空灰色;套餐类型:官方标配;存储容量:64GB,h***5,2019/2/22 12:04,之前买苹果都是在实体店买的 看了这家店的评论 有说翻新机的 官换机的，担心买到这些机器，苏宁小哥来送的时候我整整看了3分钟 人家小哥又说了放心吧 不会是翻新官换机 机器确实是全新的 没有任何刮痕 我当着快递小哥的面把屏幕打开看看屏幕有没有事，结果很满意！全新未激活！现在用了2个星期很好 很快！而且比实体店便宜 苏宁值得信赖。
1.03621E+12,0,网络类型:无需合约版;机身颜色:深空灰色;套餐类型:官方标配;存储容量:64GB,z***9,2019/2/28 20:10,"用了一天,感觉非常不错。快递小哥很给力！服务一百分！！！"
1.03538E+12,0,网络类型:无需合约版;机身颜色:深空灰色;套餐类型:官方标配;存储容量:64GB,f***东,2019/2/21 16:48,速度快，已用上，好
1.03563E+12,0,网络类型:无需合约版;机身颜色:深空灰色;套餐类型:官方标配;存储容量:64GB,t***8,2019/2/24 9:05,使用几天了 可以的
1.03575E+12,0,网络类型:无需合约版;机身颜色:银色;套餐类型:官方标配;存储容量:64GB,d***p,2019/2/21 23:58,目前为止还不错
1.03554E+12,0,网络类型:无需合约版;机身颜色:深空灰色;套餐类型:官方标配;存储容量:64GB,梅***喽,2019/2/22 16:16,特别好，是正品
1.03561E+12,0,网络类型:无需合约版;机身颜色:深空灰色;套餐类型:官方标配;存储容量:64GB,s***2,2019/2/21 15:25,苏宁易购非常快！
1.03579E+12,0,网络类型:无需合约版;机身颜色:金色;套餐类型:官方标配;存储容量:64GB,t***6,2019/2/24 18:00,超出想象！完美
1.03554E+12,0,网络类型:无需合约版;机身颜色:深空灰色;套餐类型:官方标配;存储容量:64GB,孙***i,2019/2/24 14:18,正品。  很好。值得信任
1.03594E+12,0,网络类型:无需合约版;机身颜色:金色;套餐类型:官方标配;存储容量:64GB,a***头,2019/2/25 9:21,用了一周，挺爽滴
1.03541E+12,0,网络类型:无需合约版;机身颜色:金色;套餐类型:官方标配;存储容量:64GB,y***0,2019/2/20 13:17,不错，全新国行机
1.03545E+12,0,网络类型:无需合约版;机身颜色:金色;套餐类型:官方标配;存储容量:64GB,草***天,2019/2/22 22:09,还行吧，是正品
1.03576E+12,0,网络类型:无需合约版;机身颜色:深空灰色;套餐类型:官方标配;存储容量:64GB,建***0,2019/2/22 9:51,没有任何异常
1.03542E+12,0,网络类型:无需合约版;机身颜色:银色;套餐类型:官方标配;存储容量:64GB,余***泽,2019/2/22 12:09,还可以的
1.03583E+12,0,网络类型:无需合约版;机身颜色:银色;套餐类型:官方标配;存储容量:64GB,私***奈,2019/2/23 14:45,挺好用的，全新
1.03637E+12,0,网络类型:无需合约版;机身颜色:银色;套餐类型:官方标配;存储容量:64GB,拉***亚,2019/3/2 18:59,喜欢 超级
1.03558E+12,0,网络类型:无需合约版;机身颜色:深空灰色;套餐类型:官方标配;存储容量:64GB,萌***奶,2019/2/21 9:47,棒棒哒??????????
1.03565E+12,0,网络类型:无需合约版;机身颜色:金色;套餐类型:官方标配;存储容量:64GB,m***g,2019/2/20 13:33,不错 好几天了
1.03598E+12,0,网络类型:无需合约版;机身颜色:深空灰色;套餐类型:官方标配;存储容量:64GB,十***8,2019/2/25 18:08,好评，性价比比较高
1.03581E+12,0,网络类型:无需合约版;机身颜色:深空灰色;套餐类型:官方标配;存储容量:64GB,t***5,2019/2/28 8:35,服务很好
1.0355E+12,0,网络类型:无需合约版;机身颜色:深空灰色;套餐类型:官方标配;存储容量:64GB,h***n,2019/2/23 18:44,不错 全新
1.03578E+12,0,网络类型:无需合约版;机身颜色:深空灰色;套餐类型:官方标配;存储容量:64GB,t***1,2019/2/22 13:38,用了一段时间，感觉还行，就是电池不耐用，基本一天半一冲，不玩游戏，激活正版通话清晰，验收无划痕等，挺满意的
1.03577E+12,0,网络类型:无需合约版;机身颜色:金色;套餐类型:官方标配;存储容量:64GB,x***2,2019/2/22 12:39,手机不错，是正品，在苏宁买，还是相信的，原装未拆封，手机运行流畅，物流也快，当晚下单，第二天就到了，赞??。只是忘了拍照了。
1.03551E+12,0,网络类型:无需合约版;机身颜色:深空灰色;套餐类型:官方标配;存储容量:64GB,大***6,2019/2/17 23:45,此用户没有填写评论!
1.0358E+12,0,网络类型:无需合约版;机身颜色:金色;套餐类型:官方标配;存储容量:64GB,我***5,2019/2/22 21:17,真的很不错
1.03544E+12,0,网络类型:无需合约版;机身颜色:金色;套餐类型:官方标配;存储容量:64GB,n***q,2019/2/20 21:50,送货师傅人非常好
1.03562E+12,0,网络类型:无需合约版;机身颜色:深空灰色;套餐类型:官方标配;存储容量:64GB,s***1,2019/2/24 5:53,非常不错
1.03591E+12,0,网络类型:无需合约版;机身颜色:金色;套餐类型:官方标配;存储容量:64GB,尘***拂,2019/2/26 12:00,送货上门，外观没问题，运行速度比较快，激活也没问题，不过苹果手机电池还是一如既往地不经用。拍照好像稍微加了点儿美颜功能，跟以前6S拍出来的不一样
1.03544E+12,0,网络类型:无需合约版;机身颜色:深空灰色;套餐类型:官方标配;存储容量:64GB,洁***贝,2019/2/13 18:56,此用户没有填写评论!
1.03552E+12,0,网络类型:无需合约版;机身颜色:深空灰色;套餐类型:官方标配;存储容量:64GB,昊***呐,2019/2/18 17:46,很不错 价格实惠 不用担心买到假的 大家放心购买
1.03561E+12,0,网络类型:无需合约版;机身颜色:金色;套餐类型:官方标配;存储容量:64GB,叶***啊,2019/2/25 14:44,非常好用。
1.03508E+12,0,网络类型:无需合约版;机身颜色:深空灰色;套餐类型:官方标配;存储容量:64GB,z***e,2019/2/17 13:32,超好评！发货快并且是正品行货，赞??
1.035E+12,0,网络类型:无需合约版;机身颜色:深空灰色;套餐类型:官方标配;存储容量:64GB,杜***5,2019/2/14 14:12,刚刚从安卓到iOS，暂时不适应，是正品，用段时间再来追平，总之暂时很喜欢
1.03576E+12,0,网络类型:无需合约版;机身颜色:银色;套餐类型:官方标配;存储容量:64GB,a***精,2019/2/25 23:46,还可以吧
1.03546E+12,0,网络类型:无需合约版;机身颜色:金色;套餐类型:官方标配;存储容量:64GB,高***5,2019/2/17 20:22,买回来一个多星期了用着不错哦！而且没有一点毛病呢！手感也很好，送货也特别的快，很喜欢哦！
1.03546E+12,0,网络类型:无需合约版;机身颜色:金色;套餐类型:官方标配;存储容量:64GB,我***影,2019/2/17 20:10,验证了一下，确定是正品！隔天就收到了，速度也是很给力！
1.03568E+12,0,网络类型:无需合约版;机身颜色:深空灰色;套餐类型:官方标配;存储容量:64GB,油***哦,2019/2/22 18:00,快递好评！用也棒诶！
1.03543E+12,0,网络类型:无需合约版;机身颜色:深空灰色;套餐类型:官方标配;存储容量:64GB,一***叶,2019/2/20 18:04,收货挺快的 比想象中要快 手机不错
1.03505E+12,0,网络类型:无需合约版;机身颜色:银色;套餐类型:官方标配;存储容量:64GB,孙***子,2019/2/16 21:58,下午收到，用了一下午一晚上，各方面都挺好。
1.0355E+12,0,网络类型:无需合约版;机身颜色:深空灰色;套餐类型:官方标配;存储容量:64GB,郝***师,2019/2/21 20:42,hin好
1.03525E+12,0,网络类型:无需合约版;机身颜色:深空灰色;套餐类型:官方标配;存储容量:64GB,苏***y,2019/2/19 22:29,手机收到了，初二期间竟然还有快递员送真的辛苦了一直用安卓突然用苹果系统还不太适应，超级流畅嘻嘻嘻再追香蜜沉沉烬如霜真的特别喜欢
1.03564E+12,0,网络类型:无需合约版;机身颜色:深空灰色;套餐类型:官方标配;存储容量:64GB,亲***r,2019/2/20 11:09,给快递小哥好评
1.03575E+12,0,网络类型:无需合约版;机身颜色:银色;套餐类型:官方标配;存储容量:64GB,小***2,2019/2/25 20:46,货真价实！顶级棒！
1.03565E+12,0,网络类型:无需合约版;机身颜色:金色;套餐类型:官方标配;存储容量:64GB,安***6,2019/2/20 14:42,Nice
1.03551E+12,0,网络类型:无需合约版;机身颜色:金色;套餐类型:官方标配;存储容量:64GB,6***昊,2019/2/23 23:07,挺好用的！样子好看！
1.03521E+12,0,网络类型:无需合约版;机身颜色:金色;套餐类型:官方标配;存储容量:64GB,m***3,2019/2/15 22:15,手机非常好 速度很快 i8p性价比很高 值得购买
1.03487E+12,0,网络类型:无需合约版;机身颜色:深空灰色;套餐类型:官方标配;存储容量:64GB,l***7,2019/2/14 7:50,东西是正品是我看错了官网下次再来买的
1.03453E+12,0,网络类型:无需合约版;机身颜色:深空灰色;套餐类型:官方标配;存储容量:64GB,橙***如,2019/2/5 20:44,正品黑色造型设计大方简约大气，新年礼物
1.03555E+12,0,网络类型:无需合约版;机身颜色:金色;套餐类型:官方标配;存储容量:64GB,匹***8,2019/2/24 17:36,快递超快的好吗 感动??
1.0358E+12,0,网络类型:无需合约版;机身颜色:深空灰色;套餐类型:官方标配;存储容量:64GB,利***6,2019/2/22 21:19,不错，绝对好评！
1.03612E+12,0,网络类型:无需合约版;机身颜色:深空灰色;套餐类型:官方标配;存储容量:64GB,雪***车,2019/3/3 21:57,挺好的 从6s升的 用着很顺手
1.03438E+12,0,网络类型:无需合约版;机身颜色:深空灰色;套餐类型:官方标配;存储容量:64GB,厌***Y,2019/2/3 10:57,物流很快  过年也不打烊哟  快递小哥服务态度很好  手机不错  正品  可以在官网查到  好评！
1.03488E+12,0,网络类型:无需合约版;机身颜色:深空灰色;套餐类型:官方标配;存储容量:64GB,大***6,2019/2/14 11:38,很好很贴心～
1.03571E+12,0,网络类型:无需合约版;机身颜色:深空灰色;套餐类型:官方标配;存储容量:64GB,帅***4,2019/2/26 20:24,东西第二天就收到了，电池没有那样耐用，不过苹果电池容量是挺小 还有就是充电太慢。手机是全新的机，用起来很流畅总体来说比较满意，比官网便宜了很多。
1.03569E+12,0,网络类型:无需合约版;机身颜色:金色;套餐类型:官方标配;存储容量:64GB,天***实,2019/2/24 22:41,第一次买这么贵重的东西，苏宁易购真心不错，收到宝贝的时候苏宁快递小哥让我必须当场拆开收货，而且当面开机验机后才让我签单??！值得信赖！手机质量也没的说流畅不玩游戏估计能用待机2～3天没问题！
1.03574E+12,0,网络类型:无需合约版;机身颜色:深空灰色;套餐类型:官方标配;存储容量:64GB,g***g,2019/2/21 20:45,发货快，在苏宁买的第二个苹果手机了
1.03556E+12,0,网络类型:无需合约版;机身颜色:深空灰色;套餐类型:官方标配;存储容量:64GB,雪***l,2019/2/22 22:20,Okay
1.03551E+12,0,网络类型:无需合约版;机身颜色:银色;套餐类型:官方标配;存储容量:64GB,竹***雨,2019/2/18 16:03,超级满意
1.03637E+12,0,网络类型:无需合约版;机身颜色:深空灰色;套餐类型:官方标配;存储容量:64GB,c***t,2019/3/2 18:20,老公送的礼物，挺好用，苏宁的价格可以接受！之前是iphone6，现在用8plus，有点大，裤袋也装不下了，哈哈哈。
1.03492E+12,0,网络类型:无需合约版;机身颜色:深空灰色;套餐类型:官方标配;存储容量:64GB,阿***8,2019/2/15 0:25,物流超级快，完好无损，快递员很负责。手机很喜欢，应该不是翻新机，男朋友很喜欢，用起来也不错，用一段再追评。
1.03547E+12,0,网络类型:无需合约版;机身颜色:银色;套餐类型:官方标配;存储容量:64GB,随***8,2019/2/21 11:42,不错，非常好。
1.03491E+12,0,网络类型:无需合约版;机身颜色:银色;套餐类型:官方标配;存储容量:64GB,t***3,2019/2/14 18:44,可以.
1.03615E+12,0,网络类型:无需合约版;机身颜色:深空灰色;套餐类型:官方标配;存储容量:64GB,t***9,2019/3/2 22:19,用着不错，都查了，是新机
1.03521E+12,0,网络类型:无需合约版;机身颜色:金色;套餐类型:官方标配;存储容量:64GB,y***6,2019/2/17 18:27,收到几天了，用了几天才来确认评价的！用着舒服，手感特好！相信苏宁易购。
1.03574E+12,0,网络类型:无需合约版;机身颜色:深空灰色;套餐类型:官方标配;存储容量:64GB,t***2,2019/2/23 19:53,刚拿到手三天吧！还没什么感觉。不过总的来说打开网页，聊个QQ，微信啥的不卡顿。拍照效果就真的是杠杠的。过段时间再看看，到时候来追评
1.03594E+12,0,网络类型:无需合约版;机身颜色:银色;套餐类型:官方标配;存储容量:64GB,你***的,2019/3/1 19:13,先用一段时间看看
1.03585E+12,0,网络类型:无需合约版;机身颜色:金色;套餐类型:官方标配;存储容量:64GB,小***5,2019/2/27 10:11,已经从苏宁易购买了三部苹果手机，质量保证，物流快，手机不错，值得购买。
1.03646E+12,0,网络类型:无需合约版;机身颜色:银色;套餐类型:官方标配;存储容量:64GB,赛***刀,2019/3/3 18:03,用过几天没有卡机死机，还不错
1.03599E+12,0,网络类型:无需合约版;机身颜色:金色;套餐类型:官方标配;存储容量:64GB,1***j,2019/3/1 0:58,先用了再来评价
1.03543E+12,0,网络类型:无需合约版;机身颜色:金色;套餐类型:官方标配;存储容量:64GB,今***i,2019/2/22 15:35,发货速度很及时，刚好送到我朋友手里。
1.03524E+12,0,网络类型:无需合约版;机身颜色:深空灰色;套餐类型:官方标配;存储容量:64GB,夏***r,2019/2/14 15:16,OK的很
1.03575E+12,0,网络类型:无需合约版;机身颜色:金色;套餐类型:官方标配;存储容量:64GB,叫***k,2019/2/23 23:17,物流很快，全新机没错
1.03503E+12,0,网络类型:无需合约版;机身颜色:金色;套餐类型:官方标配;存储容量:64GB,7***凡,2019/2/14 23:16,全新机器，官网激活一天不差，漂亮！！苏宁品质不错！
1.03492E+12,0,网络类型:无需合约版;机身颜色:深空灰色;套餐类型:官方标配;存储容量:64GB,袁***6,2019/2/14 22:06,此用户没有填写评论!
1.03507E+12,0,网络类型:无需合约版;机身颜色:金色;套餐类型:官方标配;存储容量:64GB,l***y,2019/2/17 11:06,蛮好
1.03574E+12,0,网络类型:无需合约版;机身颜色:深空灰色;套餐类型:官方标配;存储容量:64GB,s***m,2019/2/21 18:45,春节前的物流还是很快的，应该是全新正品，买来孝敬老爸的，他用下来暂时没有问题。
1.03549E+12,0,网络类型:无需合约版;机身颜色:深空灰色;套餐类型:官方标配;存储容量:64GB,一***兽,2019/2/21 17:30,快递非常快，质量很好
1.03509E+12,0,网络类型:无需合约版;机身颜色:深空灰色;套餐类型:官方标配;存储容量:64GB,v***9,2019/2/15 22:42,正品国行未开封，外观没问题，先用着，以后追评
1.03555E+12,0,网络类型:无需合约版;机身颜色:金色;套餐类型:官方标配;存储容量:64GB,y***8,2019/2/19 9:47,手机收到 用了几天才过来评价 正品 手机用起来非常好
1.0355E+12,0,网络类型:无需合约版;机身颜色:银色;套餐类型:官方标配;存储容量:64GB,寂***婆,2019/2/21 19:59,发货很快，过年给爸妈一人一个
1.0355E+12,0,网络类型:无需合约版;机身颜色:深空灰色;套餐类型:官方标配;存储容量:64GB,寂***婆,2019/2/21 19:59,发货很快，过年给爸妈一人一个
1.03519E+12,0,网络类型:无需合约版;机身颜色:深空灰色;套餐类型:官方标配;存储容量:64GB,w***1,2019/2/15 15:25,依旧是那么流畅，价格还是比实体店便宜不少
1.03555E+12,0,网络类型:无需合约版;机身颜色:银色;套餐类型:官方标配;存储容量:64GB,忠***1,2019/2/22 18:34,正品。  不错??
1.03339E+12,0,网络类型:无需合约版;机身颜色:深空灰色;套餐类型:官方标配;存储容量:64GB,p***y,2019/1/21 13:23,帮亲戚买的，看了许久，之前没有这颜色，后来有了，果段下单。 听说用着不错，快递当面拆开包装签收。该店自营货运很快，同城，昨天下午下单，今早就收货。
1.03612E+12,0,网络类型:无需合约版;机身颜色:金色;套餐类型:官方标配;存储容量:64GB,t***2,2019/2/27 16:16,第一次网购手机，官网还是值得信任的，感觉不错呢
1.03549E+12,0,网络类型:无需合约版;机身颜色:金色;套餐类型:官方标配;存储容量:64GB,t***2,2019/2/21 17:39,拍下第二天就收到了，物流很快；网上查了是正品，先用一段时间再追评。目前非常满意。
1.03588E+12,0,网络类型:无需合约版;机身颜色:深空灰色;套餐类型:官方标配;存储容量:64GB,大***8,2019/2/24 10:50,非常满意，??
1.03515E+12,0,网络类型:无需合约版;机身颜色:深空灰色;套餐类型:官方标配;存储容量:64GB,t***8,2019/2/18 12:50,很满意，没有什么毛病
1.03546E+12,0,网络类型:无需合约版;机身颜色:金色;套餐类型:官方标配;存储容量:64GB,迟***归,2019/2/19 15:24,手机很满意，是全新的，用着很流畅
1.03544E+12,0,网络类型:无需合约版;机身颜色:金色;套餐类型:官方标配;存储容量:64GB,w***6,2019/2/20 20:41,很满意，发货快，送货通知及时。
1.03492E+12,0,网络类型:无需合约版;机身颜色:银色;套餐类型:官方标配;存储容量:64GB,李***丽,2019/2/14 21:39,已经用着啦，不错
1.03502E+12,0,网络类型:无需合约版;机身颜色:银色;套餐类型:官方标配;存储容量:64GB,t***3,2019/2/14 20:14,不错不错，全新未拆封，性能很好
1.03494E+12,0,网络类型:无需合约版;机身颜色:深空灰色;套餐类型:官方标配;存储容量:64GB,t***1,2019/2/15 12:03,电量100，用起来也很快，不卡，好评。
1.03609E+12,0,网络类型:无需合约版;机身颜色:金色;套餐类型:官方标配;存储容量:64GB,萌***芳,2019/2/27 9:53,物流很快！官网查了一下是正品！
1.03564E+12,0,网络类型:无需合约版;机身颜色:金色;套餐类型:官方标配;存储容量:64GB,h***9,2019/2/24 12:39,很不错，哈哈
1.03575E+12,0,网络类型:无需合约版;机身颜色:金色;套餐类型:官方标配;存储容量:64GB,难***0,2019/2/21 21:41,挺好的。不错哦
1.03524E+12,0,网络类型:无需合约版;机身颜色:深空灰色;套餐类型:官方标配;存储容量:64GB,5***某,2019/2/14 15:12,很满意，手感不错！性价比很高女朋友和很喜欢！？
1.03534E+12,0,网络类型:无需合约版;机身颜色:深空灰色;套餐类型:官方标配;存储容量:64GB,1***3,2019/2/17 18:12,非常好 喜欢黑色 谢谢男盆友
1.03537E+12,0,网络类型:无需合约版;机身颜色:深空灰色;套餐类型:官方标配;存储容量:64GB,l***6,2019/2/16 17:02,第二次购买了，正品有保障，值得信赖。送货也快。
1.03515E+12,0,网络类型:无需合约版;机身颜色:银色;套餐类型:官方标配;存储容量:64GB,小***莹,2019/2/18 12:09,手机非常好，还有这么大的优惠活动。
1.03544E+12,0,网络类型:无需合约版;机身颜色:金色;套餐类型:官方标配;存储容量:64GB,t***r,2019/2/17 16:43,正品，用了几天才来评价????！摔华为几十条街！
1.03546E+12,0,网络类型:无需合约版;机身颜色:银色;套餐类型:官方标配;存储容量:64GB,张***3,2019/2/19 16:40,这个发货速度这个送货速度真的巨快，苏宁快递太给力了，东西也是好东西，很满意的一次购物
1.03576E+12,0,网络类型:无需合约版;机身颜色:银色;套餐类型:官方标配;存储容量:64GB,x***1,2019/2/24 11:40,还可以吧，用段时间来追加
1.03512E+12,0,网络类型:无需合约版;机身颜色:金色;套餐类型:官方标配;存储容量:64GB,h***7,2019/2/16 14:40,手机不错，是正品新的，用了几天很满意！
1.03581E+12,0,网络类型:无需合约版;机身颜色:深空灰色;套餐类型:官方标配;存储容量:64GB,最***0,2019/2/24 21:47,收到了，快递很快，全新未拆封，不错不错
1.03514E+12,0,网络类型:无需合约版;机身颜色:深空灰色;套餐类型:官方标配;存储容量:64GB,骚***古,2019/2/14 20:02,不错，是正品&hellip;
1.03529E+12,0,网络类型:无需合约版;机身颜色:银色;套餐类型:官方标配;存储容量:64GB,g***y,2019/2/15 13:23,手机用了好几天没有问题，查过是正品，价格很便宜而且运送很快，下次再来苏宁
1.03509E+12,0,网络类型:无需合约版;机身颜色:银色;套餐类型:官方标配;存储容量:64GB,血***曲,2019/2/11 22:04,暂时还不错。过段时间再来。
1.03509E+12,0,网络类型:无需合约版;机身颜色:金色;套餐类型:官方标配;存储容量:64GB,t***2,2019/2/15 23:29,iPhone8 plus收到后开始激活使用，用了几天，很流畅，不卡顿，物流配送服务也很好，送货上门，很满意的一次购物！
1.035E+12,0,网络类型:无需合约版;机身颜色:金色;套餐类型:官方标配;存储容量:64GB,名***阅,2019/2/6 13:14,此用户没有填写评论!
1.03507E+12,0,网络类型:无需合约版;机身颜色:银色;套餐类型:官方标配;存储容量:64GB,f***7,2019/2/15 17:13,正品 验过货 就是充电慢 其他都很好
1.03516E+12,0,网络类型:无需合约版;机身颜色:深空灰色;套餐类型:官方标配;存储容量:64GB,瓶***罐,2019/2/15 9:50,不错挺好的，非常喜欢，颜色和款式都很好??，第一次从网上买手机??，等用好了给追评吧！
1.01562E+12,0,网络类型:无需合约版;机身颜色:金色;套餐类型:官方标配;存储容量:64GB,c***4,2018/9/3 9:20,绝对正品国货。
1.03533E+12,0,网络类型:无需合约版;机身颜色:金色;套餐类型:官方标配;存储容量:64GB,d***沫,2019/2/15 21:37,很喜欢呀，刚好想买的时候降价啦
1.03542E+12,0,网络类型:无需合约版;机身颜色:深空灰色;套餐类型:官方标配;存储容量:64GB,t***5,2019/2/18 20:53,看了很久才下手。 正品手感很好
1.03514E+12,0,网络类型:无需合约版;机身颜色:深空灰色;套餐类型:官方标配;存储容量:64GB,鹏***吖,2019/2/14 19:46,还可以流畅，等几天追评
1.03571E+12,0,网络类型:无需合约版;机身颜色:深空灰色;套餐类型:官方标配;存储容量:64GB,p***9,2019/2/23 11:38,可以，没毛病
1.03519E+12,0,网络类型:无需合约版;机身颜色:银色;套餐类型:官方标配;存储容量:64GB,c***6,2019/2/17 13:22,东西很好，手感不错，是正品。快递小哥哥服务很好，给苏宁点赞????
1.03498E+12,0,网络类型:无需合约版;机身颜色:深空灰色;套餐类型:官方标配;存储容量:64GB,t***2,2019/2/15 20:31,不错不错，完全全新未激活，很放心.隔日达也是非常迅速的
1.03482E+12,0,网络类型:无需合约版;机身颜色:银色;套餐类型:官方标配;存储容量:64GB,a***5,2019/2/11 12:14,手机是正品。查过序列号了   很流畅 用一段时间再来追评
1.035E+12,0,网络类型:无需合约版;机身颜色:金色;套餐类型:官方标配;存储容量:64GB,h***8,2019/2/12 19:51,此用户没有填写评论!
1.03538E+12,0,网络类型:无需合约版;机身颜色:银色;套餐类型:官方标配;存储容量:64GB,x***2,2019/2/18 12:51,单身狗情人节送给自己的礼物哈哈哈 说说手机，用了这几天没什么问题，把后台关掉放一天电量是不变的，吃鸡进去玩了一下也不卡，序列号什么的查了官网也没问题， 就是充电超级慢，我是晚上8.40用到1%开始充，凌晨1点充到94％??充满不打游戏刷刷微博网页聊QQ啥的能用一天半(几乎不离手的用)
1.03514E+12,0,网络类型:无需合约版;机身颜色:深空灰色;套餐类型:官方标配;存储容量:64GB,唧***i,2019/2/14 20:25,非常好 服务态度也很好 手机也很流畅 好用
1.03514E+12,0,网络类型:无需合约版;机身颜色:深空灰色;套餐类型:官方标配;存储容量:64GB,夏***7,2019/2/14 19:53,价格真是美.. 正品全新
1.03552E+12,0,网络类型:无需合约版;机身颜色:银色;套餐类型:官方标配;存储容量:64GB,z***仔,2019/2/20 11:14,隔天到货，确实是全新未拆封的手机。软件暂时没发现问题，按home键有震动感；手拿时屏幕经常自动亮屏，换了两个手机壳都这样，拿吊绳也是会亮，所以不存在手误亮屏；听筒声音比较粗狂，软妹也会变糙男那种，其他没什么问题。还有就是8p真的好重，玻璃膜＋手机壳后就更加重了。以下文字了忽略：终于收到我需要的宝贝了，东西很好，价美物廉，谢谢掌柜的！说实在，这是我淘宝购物来让我最满意的一次购物。无论是掌柜的态度还是对物品，我都非常满意的。掌柜态度很专业热情，有问必答，回复也很快，我问了不少问题，他都不觉得烦，都会认真回答我，这点我向掌柜表示由衷的敬意，这样的好掌柜可不多。再说宝贝，正是我需要的，收到的时候包装完整，打开后让我惊喜的是，宝贝比我想象中的还要好！不得不得竖起大拇指。
1.03542E+12,0,网络类型:无需合约版;机身颜色:深空灰色;套餐类型:官方标配;存储容量:64GB,b***儿,2019/2/18 19:11,手机在使用中，目前未发现异常的情况，暂时好评
1.03492E+12,0,网络类型:无需合约版;机身颜色:银色;套餐类型:官方标配;存储容量:64GB,响***丁,2019/2/15 8:17,全网最低价 质量没得说，太棒啦！
1.03612E+12,0,网络类型:无需合约版;机身颜色:深空灰色;套餐类型:官方标配;存储容量:64GB,t***2,2019/3/1 2:21,手机用了十多天，没问题，第二天就送到了，赞！
1.03554E+12,0,网络类型:无需合约版;机身颜色:银色;套餐类型:官方标配;存储容量:64GB,c***5,2019/2/18 20:32,东西不错是正品
1.03556E+12,0,网络类型:无需合约版;机身颜色:深空灰色;套餐类型:官方标配;存储容量:64GB,p***3,2019/2/19 12:24,东西挺好是正品
1.03575E+12,0,网络类型:无需合约版;机身颜色:深空灰色;套餐类型:官方标配;存储容量:64GB,李***0,2019/2/27 12:40,昨天下单，早上就到，刚收，没啥问题，序列号等等都查了，是国行原封，之后再追评！
1.03512E+12,0,网络类型:无需合约版;机身颜色:深空灰色;套餐类型:官方标配;存储容量:64GB,詹***3,2019/2/16 12:49,手机才用一天还不错过段时间在来追评
1.03544E+12,0,网络类型:无需合约版;机身颜色:银色;套餐类型:官方标配;存储容量:64GB,z***7,2019/2/17 16:09,速度流畅，拍照清晰。快递小哥很热情。
1.03545E+12,0,网络类型:无需合约版;机身颜色:金色;套餐类型:官方标配;存储容量:64GB,憨***就,2019/2/19 11:54,手机不错  查了是正品
1.03525E+12,0,网络类型:无需合约版;机身颜色:深空灰色;套餐类型:官方标配;存储容量:64GB,h***g,2019/2/18 10:58,物流很快，中午拍的下午就收到了，快递哥认真负责，当面让我开封检查。手机是原装未开封的，激活后查过版本和保修期，是国行新激活。苏宁值得信赖，顺丰值得拥有。
1.0353E+12,0,网络类型:无需合约版;机身颜色:金色;套餐类型:官方标配;存储容量:64GB,忘***3,2019/2/18 20:42,物流很快，下午买的，第二天中午就到了。相信苏宁，手机正品无疑，价格也实惠，用着感觉很好。
1.03496E+12,0,网络类型:无需合约版;机身颜色:金色;套餐类型:官方标配;存储容量:64GB,t***3,2019/2/13 21:15,物流很快，隔天就收到了，包装的很精细，手机开箱都是新的全套配件，保修卡，卡针，耳机，充电器线，手机的手感很棒，冬天不套套子还有点冰冰的，手机开机设置体验了一下很流畅，下了常玩的游戏体验也是不错，配置都可以开到最高，运行无压力，苏宁易购确实很不错，价格实惠质量有保证，????
1.03505E+12,0,网络类型:无需合约版;机身颜色:深空灰色;套餐类型:官方标配;存储容量:64GB,c***6,2019/2/17 1:26,正品无疑，速度流畅，物流给力好
1.03538E+12,0,网络类型:无需合约版;机身颜色:深空灰色;套餐类型:官方标配;存储容量:64GB,梦***6,2019/2/18 10:55,第一次网上买手机，物流很快第二天就到了，验机是全新国行，非常靠谱，以后肯定还会来，感谢苏宁
1.03507E+12,0,网络类型:无需合约版;机身颜色:金色;套餐类型:官方标配;存储容量:64GB,莫***7,2019/2/17 10:18,是正版 可以放心买
1.03536E+12,0,网络类型:无需合约版;机身颜色:金色;套餐类型:官方标配;存储容量:64GB,p***j,2019/2/17 22:53,非常实惠 很好 ??
1.03523E+12,0,网络类型:无需合约版;机身颜色:深空灰色;套餐类型:官方标配;存储容量:64GB,h***2,2019/2/14 14:01,第一次在网上买 还是挺不错的 物流也快
1.03523E+12,0,网络类型:无需合约版;机身颜色:深空灰色;套餐类型:官方标配;存储容量:64GB,王***呵,2019/2/17 23:58,第一次在苏宁购物，手机很好 .值得购买
1.03488E+12,0,网络类型:无需合约版;机身颜色:深空灰色;套餐类型:官方标配;存储容量:64GB,唁***粑,2019/2/14 12:24,真不错，正品，很开心的一次购物体验
1.03556E+12,0,网络类型:无需合约版;机身颜色:深空灰色;套餐类型:官方标配;存储容量:64GB,乱***绝,2019/2/19 11:41,很好。正品。手机流畅。
1.03524E+12,0,网络类型:无需合约版;机身颜色:深空灰色;套餐类型:官方标配;存储容量:64GB,罗***i,2019/2/16 11:52,正品 用着不错 满意 物流很快 第二天就到了
1.03512E+12,0,网络类型:无需合约版;机身颜色:银色;套餐类型:官方标配;存储容量:64GB,a***0,2019/2/14 12:49,第四次购买了。自然很耐斯。
1.03515E+12,0,网络类型:无需合约版;机身颜色:深空灰色;套餐类型:官方标配;存储容量:64GB,小***7,2019/2/16 19:59,正品啊 没有什么问题 很好用 就是物流太慢了
1.03509E+12,0,网络类型:无需合约版;机身颜色:金色;套餐类型:官方标配;存储容量:64GB,s***1,2019/2/17 15:01,已经验证过是正品，不错，下次还来
1.03586E+12,0,网络类型:无需合约版;机身颜色:银色;套餐类型:官方标配;存储容量:64GB,h***4,2019/2/23 22:46,很喜欢??
1.03556E+12,0,网络类型:无需合约版;机身颜色:金色;套餐类型:官方标配;存储容量:64GB,e***杰,2019/2/20 18:47,非常喜欢
1.03529E+12,0,网络类型:无需合约版;机身颜色:深空灰色;套餐类型:官方标配;存储容量:64GB,r***6,2019/2/17 7:19,手机是正品快递也很快点赞??
1.03532E+12,0,网络类型:无需合约版;机身颜色:深空灰色;套餐类型:官方标配;存储容量:64GB,爱***9,2019/2/20 18:19,物流很给力
1.03545E+12,0,网络类型:无需合约版;机身颜色:金色;套餐类型:官方标配;存储容量:64GB,谁***你,2019/2/19 13:56,苏宁易购值得信赖叭～以下是一个换积分的好评模板。东西很好，价美物廉，谢谢掌柜的！说实在，这是我淘宝购物来让我最满意的一次购物。无论是掌柜的态度还是对物品，我都非常满意的。掌柜态度很专业热情，有问必答，回复也很快，我问了不少问题，他都不觉得烦，都会认真回答我，这点我向掌柜表示由衷的敬意，这样的好掌柜可不多。再说宝贝，正是我需要的，收到的时候包装完整，打开后让我惊喜的是，宝贝比我想象中的还要好！不得不得竖起大拇指。下次需要的时候我还会再来的，到时候麻烦掌柜给个优惠哦！
1.03528E+12,0,网络类型:无需合约版;机身颜色:深空灰色;套餐类型:官方标配;存储容量:64GB,s***8,2019/2/15 10:37,收到货已使用半个月，无故障，给好评，苏宁易购值得信赖
1.03508E+12,0,网络类型:无需合约版;机身颜色:银色;套餐类型:官方标配;存储容量:64GB,何***情,2019/2/17 13:11,昨天收到了苹果8，很好用，
1.0353E+12,0,网络类型:无需合约版;机身颜色:深空灰色;套餐类型:官方标配;存储容量:64GB,我***么,2019/2/17 10:03,手机不要太好看，是我喜欢的类型
1.03583E+12,0,网络类型:无需合约版;机身颜色:深空灰色;套餐类型:官方标配;存储容量:64GB,m***3,2019/2/23 14:10,物流很快，好评
1.03525E+12,0,网络类型:无需合约版;机身颜色:深空灰色;套餐类型:官方标配;存储容量:64GB,梦***3,2019/2/18 11:07,手机是正品？，放心购买吧！
1.03524E+12,0,网络类型:无需合约版;机身颜色:深空灰色;套餐类型:官方标配;存储容量:64GB,t***5,2019/2/19 20:24,手机很好，与描述相符，满意。
1.03517E+12,0,网络类型:无需合约版;机身颜色:金色;套餐类型:官方标配;存储容量:64GB,l***g,2019/2/17 9:50,还不错，查了是正品
1.03556E+12,0,网络类型:无需合约版;机身颜色:银色;套餐类型:官方标配;存储容量:64GB,飞***牟,2019/2/19 11:02,挺好的  是官方正品   全新    一点毛病没有   很好用   颜值高。
1.03488E+12,0,网络类型:无需合约版;机身颜色:银色;套餐类型:官方标配;存储容量:64GB,w***o,2019/2/14 12:14,刚收货 包装完整 日后再追评！
1.03515E+12,0,网络类型:无需合约版;机身颜色:金色;套餐类型:官方标配;存储容量:64GB,y***9,2019/2/14 20:49,手机很好 买的第三个手机了 都没有问题
1.03491E+12,0,网络类型:无需合约版;机身颜色:深空灰色;套餐类型:官方标配;存储容量:64GB,李***n,2019/2/14 18:31,用了两天感觉还不错。 先用着以后再过来追评吧
1.0352E+12,0,网络类型:无需合约版;机身颜色:金色;套餐类型:官方标配;存储容量:64GB,淘***了,2019/2/18 22:54,不错正品好用
1.03535E+12,0,网络类型:无需合约版;机身颜色:金色;套餐类型:官方标配;存储容量:64GB,不***7,2019/2/17 21:22,用了段时间才来评论  手机很好
1.03528E+12,0,网络类型:无需合约版;机身颜色:银色;套餐类型:官方标配;存储容量:64GB,m***4,2019/2/16 23:04,还不错是正品
1.03523E+12,0,网络类型:无需合约版;机身颜色:金色;套餐类型:官方标配;存储容量:64GB,无***旺,2019/2/17 23:13,非常好是正品
1.0353E+12,0,网络类型:无需合约版;机身颜色:深空灰色;套餐类型:官方标配;存储容量:64GB,我***牧,2019/2/15 15:50,三码合一 新品未激活  昨天买济南发货今天到 给力
1.03556E+12,0,网络类型:无需合约版;机身颜色:银色;套餐类型:官方标配;存储容量:64GB,长***要,2019/2/24 18:02,还可以     有手机壳送就好了
1.03508E+12,0,网络类型:无需合约版;机身颜色:金色;套餐类型:官方标配;存储容量:64GB,阿***9,2019/2/13 18:57,电话不错，用了一段时间才来评价，以前用惯安卓机现在还没用习惯
1.03502E+12,0,网络类型:无需合约版;机身颜色:深空灰色;套餐类型:官方标配;存储容量:64GB,微***心,2019/2/12 16:21,看了很长时间苹果手机的 然后前天购买的 今天才收到的  感觉手机是真的不错  非常好  物有所值  还行购物起来很好 第一次购买苏宁的产品 心情很美丽  希望店铺越做越好  新年快乐  万事如意！
1.03494E+12,0,网络类型:无需合约版;机身颜色:深空灰色;套餐类型:官方标配;存储容量:64GB,看***我,2019/2/13 14:00,还不错 非常流畅 祖传充电器 可以想象 蛮好的额 充满电可以用一整天 快递小哥服务很棒 还要我开箱验货 棒棒的
1.03619E+12,0,网络类型:无需合约版;机身颜色:深空灰色;套餐类型:官方标配;存储容量:64GB,c***7,2019/3/1 21:12,手机用了半个月了，真香！好评，为了积分凑够85字，也是拼了。好评，为了积分凑够85字，也是拼了。好评，为了积分凑够8 好评，为了积分凑够85字，也是拼了。 5字，也是拼了。好评，为了积分凑够85字，也是拼了。好评，为了积分凑够85字，也是拼了。
1.0351E+12,0,网络类型:无需合约版;机身颜色:深空灰色;套餐类型:官方标配;存储容量:64GB,努***l,2019/2/12 9:15,昨天刚刚到手感还可以，第一次在苏宁易购上买东西很满意，速度很快，，好评
1.03513E+12,0,网络类型:无需合约版;机身颜色:深空灰色;套餐类型:官方标配;存储容量:64GB,2***潇,2019/2/18 8:43,很好??，价格也是。正品
1.0356E+12,0,网络类型:无需合约版;机身颜色:深空灰色;套餐类型:官方标配;存储容量:64GB,m***0,2019/2/19 23:49,帮朋友买的以后在追加
1.03534E+12,0,网络类型:无需合约版;机身颜色:金色;套餐类型:官方标配;存储容量:64GB,陈***遒,2019/1/14 17:36,此用户没有填写评论!
1.03522E+12,0,网络类型:无需合约版;机身颜色:金色;套餐类型:官方标配;存储容量:64GB,t***8,2019/2/14 10:50,帮朋友买的 反应很快！
1.03516E+12,0,网络类型:无需合约版;机身颜色:金色;套餐类型:官方标配;存储容量:64GB,风***5,2019/2/17 2:49,一直忙，确认晚了，机子很不错，正，好评
1.03518E+12,0,网络类型:无需合约版;机身颜色:深空灰色;套餐类型:官方标配;存储容量:64GB,b***y,2019/2/18 17:12,哈哈哈哈哈哈哈哈哈哈哈哈哈哈哈哈哈哈哈哈哈哈哈哈哈哈哈哈哈哈哈哈哈哈呵呵呵呵不好意思打扰你们睡觉吧！哈哈哈哈哈哈哈哈刚果共和国哈哈哈哈哈刚果共和国红红火火恍恍惚惚好恍恍惚惚好好了恍恍惚惚好好恍恍惚惚好好，h
1.03605E+12,0,网络类型:无需合约版;机身颜色:金色;套餐类型:官方标配;存储容量:64GB,t***0,2019/3/3 9:53,正品，都买了几个了
1.03531E+12,0,网络类型:无需合约版;机身颜色:深空灰色;套餐类型:官方标配;存储容量:64GB,g***2,2019/2/18 22:39,好用，第一次用苹果，本来担心64g的会不够用，不过好像照我的用法，应该够够的，颜色也很满意，深空灰色的很大气耐看，非常喜欢呀
1.03554E+12,0,网络类型:无需合约版;机身颜色:深空灰色;套餐类型:官方标配;存储容量:64GB,枝***见,2019/2/24 15:00,没什么问题 买了两部手机了 在电脑上也查了
1.03506E+12,0,网络类型:无需合约版;机身颜色:金色;套餐类型:官方标配;存储容量:64GB,t***8,2019/2/17 1:43,正品好用
1.03522E+12,0,网络类型:无需合约版;机身颜色:金色;套餐类型:官方标配;存储容量:64GB,3***n,2019/2/19 12:48,一直用苹果手机     一如既往
1.03528E+12,0,网络类型:无需合约版;机身颜色:深空灰色;套餐类型:官方标配;存储容量:64GB,胡***5,2019/2/18 16:15,正品，儿子很满意！物流给力服务优质！
1.03516E+12,0,网络类型:无需合约版;机身颜色:深空灰色;套餐类型:官方标配;存储容量:64GB,泽***j,2019/2/16 22:25,很满意
1.03516E+12,0,网络类型:无需合约版;机身颜色:银色;套餐类型:官方标配;存储容量:64GB,t***4,2019/2/15 8:48,非常好！正品，五星好评！
1.03549E+12,0,网络类型:无需合约版;机身颜色:银色;套餐类型:官方标配;存储容量:64GB,f***2,2019/2/18 11:00,是正品，价格便宜。666
1.03418E+12,0,网络类型:无需合约版;机身颜色:深空灰色;套餐类型:官方标配;存储容量:64GB,仙***z,2019/2/2 1:25,不错不错，挺好用的，是正品，以后买机就来这里买，是我不二的选择。
1.03512E+12,0,网络类型:无需合约版;机身颜色:金色;套餐类型:官方标配;存储容量:64GB,t***6,2019/2/17 23:28,坐标深圳 先给个好评 手机全新原装 盒子序列码和手机一致 打电话问过官方客服 也确定没啥问题 激活时间是2月17 基本没问题 挺满意 因为之前在华强北买到过翻新机 一直很谨慎 所以多花几百去苏宁买也比较放心 客服也蛮热情 这个机子买的挺顺利 后续使用有什么问题再追加
1.0354E+12,0,网络类型:无需合约版;机身颜色:金色;套餐类型:官方标配;存储容量:64GB,我***金,2019/2/16 23:40,我想要的就是这款，很喜欢，物流也给力，早上下单，下午收货
1.0354E+12,0,网络类型:无需合约版;机身颜色:金色;套餐类型:官方标配;存储容量:64GB,小***子,2019/2/17 6:44,挺好的正品保证大家放心购买吧！
1.03522E+12,0,网络类型:无需合约版;机身颜色:银色;套餐类型:官方标配;存储容量:64GB,彩***o,2019/2/17 20:31,跟产品描述的一致，挺不错。
1.03456E+12,0,网络类型:无需合约版;机身颜色:深空灰色;套餐类型:官方标配;存储容量:64GB,t***2,2019/2/6 13:01,手机是正品，用了一段时间才来评价，已经多次光顾了，下次还会来的，
1.03525E+12,0,网络类型:无需合约版;机身颜色:银色;套餐类型:官方标配;存储容量:64GB,快***卞,2019/2/18 10:31,用着还不错。情人节送老婆的，很喜欢
1.03542E+12,0,网络类型:无需合约版;机身颜色:深空灰色;套餐类型:官方标配;存储容量:64GB,滨***1,2019/2/22 10:38,用一段时间在评论吧
1.03606E+12,0,网络类型:无需合约版;机身颜色:银色;套餐类型:官方标配;存储容量:64GB,默***水,2019/2/28 12:26,收到2星期来评价，挺好，没啥问题。我果然喜欢大屏幕手机。
1.03601E+12,0,网络类型:无需合约版;机身颜色:深空灰色;套餐类型:官方标配;存储容量:64GB,历***彬,2019/3/1 11:22,用了快一个月了，到货时用爱思助手验机没问题，沙漏也没问题，就是pp助手验机说生产日期异常，生产日期是19年一月份的，不过我还是继续用了，用到现在没发现什么毛病
1.03516E+12,0,网络类型:无需合约版;机身颜色:银色;套餐类型:官方标配;存储容量:64GB,q***封,2019/2/18 15:12,暂时用的还不错 用一段时间再来追评
1.0353E+12,0,网络类型:无需合约版;机身颜色:金色;套餐类型:官方标配;存储容量:64GB,g***6,2019/2/17 11:31,手机挺好，真心不错，
1.03576E+12,0,网络类型:无需合约版;机身颜色:银色;套餐类型:官方标配;存储容量:64GB,w***i,2019/2/22 10:21,反正用自己都在苏宁买手机iPad之类的，质量买了这么多年没啥问题的，赞一个吧
1.03609E+12,0,网络类型:无需合约版;机身颜色:金色;套餐类型:官方标配;存储容量:64GB,巾***8,2019/3/3 15:55,买过两次。不过还是第一次在网上买手机呢。用了快一个月了  哈可以呢。就是放音乐。有些噪音。跟卖家说了。也没给说明。可能8????都这样吧。电量哈可以。像素哈可以吧
1.03521E+12,0,网络类型:无需合约版;机身颜色:银色;套餐类型:官方标配;存储容量:64GB,零***0,2019/2/19 11:21,很喜欢这个手机
1.03491E+12,0,网络类型:无需合约版;机身颜色:银色;套餐类型:官方标配;存储容量:64GB,蘑***5,2019/2/12 19:18,客服人员很有耐心^o^速度一如既往的快！正品无疑，全五分好评哦～
1.03558E+12,0,网络类型:无需合约版;机身颜色:深空灰色;套餐类型:官方标配;存储容量:64GB,一***起,2019/2/19 17:05,孩子用的挺好的
1.035E+12,0,网络类型:无需合约版;机身颜色:金色;套餐类型:官方标配;存储容量:64GB,q***0,2019/2/16 11:03,买来送老婆的，正好情人节那天收到。快递小哥当面拆封验机，手机是国行正品，苏宁易购值得的信赖！
1.03493E+12,0,网络类型:无需合约版;机身颜色:银色;套餐类型:官方标配;存储容量:64GB,我***吗,2019/2/8 20:33,手机非常好 好用也好看 有耳机子 用着就没拍照 发货很快  快递也很快 春节这几天买的 第二天就到了 物流好评 手机非常快 一点也不卡 总之都很喜欢 棒
1.03538E+12,0,网络类型:无需合约版;机身颜色:深空灰色;套餐类型:官方标配;存储容量:64GB,严***u,2019/2/16 17:24,用了好几天才来评价的&hellip;还不错 目前没发现什么问题&hellip;好了性价比不错，推荐！ 这是一个好评模版，因为本仙女很懒，不想每个产 品都写评价，所以模仿网友写下这个模板，但是这 个宝贝无论是质量还是外形，都是本仙女喜欢的 如果不喜欢，本仙女就会很生气，然后这个模板就 会成为本仙女喋喋不休的怨气，自然也不会写下这个好评来自只爱购物不想写评语却还想Q积分的仙女！
1.03548E+12,0,网络类型:无需合约版;机身颜色:金色;套餐类型:官方标配;存储容量:64GB,戴***好,2019/2/19 21:33,正版，无激活。满分
1.03485E+12,0,网络类型:无需合约版;机身颜色:金色;套餐类型:官方标配;存储容量:64GB,v***n,2019/2/7 13:01,真的很喜欢，完全超出期望值，发货速度非常快，包装非常仔细、严实，物流公司服务态度很好，运送速度很快，很满意的一次购物。 听说好评必须85字？不然没有积分？但是每次都要写85字的评论又太费时间，所以只能编辑了这段文字，然后每次复制粘贴就搞定啦！
1.03525E+12,0,网络类型:无需合约版;机身颜色:深空灰色;套餐类型:官方标配;存储容量:64GB,温***的,2019/2/19 23:48,手机没问题 很满意    送货很快
1.03538E+12,0,网络类型:无需合约版;机身颜色:深空灰色;套餐类型:官方标配;存储容量:64GB,e***r,2019/2/16 19:01,很满意 手机很好
1.03462E+12,0,网络类型:无需合约版;机身颜色:金色;套餐类型:官方标配;存储容量:64GB,落***华,2019/2/7 13:32,已经在苏宁买了3只iPhone了 都很好 非常棒！！！速度也很快
1.03438E+12,0,网络类型:无需合约版;机身颜色:深空灰色;套餐类型:官方标配;存储容量:64GB,诺***晓,2019/2/3 11:01,用了一个星期才来评价，手机是原装正品未拆封未激活的国行，没有问题，性能就是苹果的性能不用我说，大家都懂的。苏宁还是值得信赖，发货快。过段时间我再来追评。
1.03535E+12,0,网络类型:无需合约版;机身颜色:银色;套餐类型:官方标配;存储容量:64GB,f***8,2019/2/17 22:44,上午买，下午就到货了，绝对正品
1.03504E+12,0,网络类型:无需合约版;机身颜色:金色;套餐类型:官方标配;存储容量:64GB,再***了,2019/2/15 9:57,速度很快，很满意。
1.03552E+12,0,网络类型:无需合约版;机身颜色:深空灰色;套餐类型:官方标配;存储容量:64GB,o***e,2019/2/18 17:49,还不错，用一段时间再追评
1.03558E+12,0,网络类型:无需合约版;机身颜色:银色;套餐类型:官方标配;存储容量:64GB,哈***呀,2019/2/23 9:46,让我对象在官网上查了序列号啥的 反正就是通过好多途径查了不同了东西 确认是正品 就放心了 我替他用了用 真的是比我的用着得劲多了 也想买来着 值！这是一个好评模版，因为本仙女很懒，不想每个产品都写好评，所以特地效仿一位网友写下了这个模版，但是这个产品不论是质量还是外形都深得本仙女心，如果不喜欢，仙女收到东西会很生气，然后这个模版就会涑杀鞠膳喋喋不体的抱怨书，自然不可能撤下这个好评，这里写下这么多给各位朋友一个参考，本物品还是极好的！好的东西自己会说话。
1.03544E+12,0,网络类型:无需合约版;机身颜色:金色;套餐类型:官方标配;存储容量:64GB,欧***湘,2019/2/19 8:37,还不错第一次苏宁买
1.03532E+12,0,网络类型:无需合约版;机身颜色:深空灰色;套餐类型:官方标配;存储容量:64GB,勒***0,2019/2/19 10:32,快递快。新机，满意。
1.03499E+12,0,网络类型:无需合约版;机身颜色:银色;套餐类型:官方标配;存储容量:64GB,忆***9,2019/2/9 21:42,不错不错，包装完好，官网查是正品，第一次用苹果手机，简约大方，运行速度很快，喜欢
1.03511E+12,0,网络类型:无需合约版;机身颜色:深空灰色;套餐类型:官方标配;存储容量:64GB,自***疼,2019/2/16 12:01,手机挺满意的
1.03534E+12,0,网络类型:无需合约版;机身颜色:金色;套餐类型:官方标配;存储容量:64GB,蓝***悔,2019/2/17 18:36,挺快的！东西真的！下次再来
1.03532E+12,0,网络类型:无需合约版;机身颜色:深空灰色;套餐类型:官方标配;存储容量:64GB,张***4,2019/2/19 12:46,非常好，非常贴心，产品很好，快递小哥很给力
1.03537E+12,0,网络类型:无需合约版;机身颜色:金色;套餐类型:官方标配;存储容量:64GB,金***8,2019/2/16 16:06,没问题，不错值得信赖
1.03491E+12,0,网络类型:无需合约版;机身颜色:深空灰色;套餐类型:官方标配;存储容量:64GB,l***平,2019/2/14 20:17,用了几天 很好 值得信赖
1.03516E+12,0,网络类型:无需合约版;机身颜色:深空灰色;套餐类型:官方标配;存储容量:64GB,j***9,2019/2/18 14:32,嘿嘿过年马大大抽奖中的手机，谢谢马云大大物流非常给力头一天下单第二天就到了
1.03516E+12,0,网络类型:无需合约版;机身颜色:深空灰色;套餐类型:官方标配;存储容量:64GB,离***店,2019/2/16 21:50,送给女票的   女票很喜欢很开心
1.03489E+12,0,网络类型:无需合约版;机身颜色:深空灰色;套餐类型:官方标配;存储容量:64GB,t***4,2019/2/12 15:49,快递相当的快，昨天下午下的订单，今天上午可到了，手机是正品，速度非常快，非常适合学生党，赞??，五星好评！！！
1.03537E+12,0,网络类型:无需合约版;机身颜色:深空灰色;套餐类型:官方标配;存储容量:64GB,q***6,2019/2/18 10:41,手机不错
1.03511E+12,0,网络类型:无需合约版;机身颜色:银色;套餐类型:官方标配;存储容量:64GB,d***1,2019/2/16 11:03,手机不错
1.03525E+12,0,网络类型:无需合约版;机身颜色:银色;套餐类型:官方标配;存储容量:64GB,放***8,2019/2/14 17:24,手机很好
1.0355E+12,0,网络类型:无需合约版;机身颜色:银色;套餐类型:官方标配;存储容量:64GB,拇***宠,2019/2/21 20:02,在苏宁买的第二台手机了，上一部是前年给孩子买的苹果6，至今使用完美。这一台是年三十给自己的奖励，下单后初一下午苏宁快递小哥送上五楼，没有电梯，临走还问家里有没有需要捎下去的垃圾，顺路捎下去，苏宁小哥的服务是越来越好了，真没的说！初一到今天正月十七，已经用了半个多月，功能完美没有出现网上说的各种问题，运行流畅。不足的就是屏幕太大用惯了6S，7，之后用代P的是真不习惯，开车单手根本没办法操作。 看到评价里面很多黑苏宁的，不知道都是些什么人，你们可以把我当托哈，不过苏宁也有需要改进的地方，有事机械性回复，没有人在线。还有就是这么几千四五十块手机你好歹送个膜也行，送个套也可以，都没有送。害得我裸奔几天屏幕出现一丢丢划痕，工作原因，口袋比较脏！后来装备全部配齐，自己也贴上了蓝色的膜！没贴膜以前银色的，看起来也很不错，贴了膜更漂亮，晒一晒，有喷子说是托儿的欢迎开喷！
1.0354E+12,0,网络类型:无需合约版;机身颜色:金色;套餐类型:官方标配;存储容量:64GB,h***5,2019/2/16 22:14,很满意的一次购物
1.0353E+12,0,网络类型:无需合约版;机身颜色:金色;套餐类型:官方标配;存储容量:64GB,j***5,2019/2/18 20:02,使用了几天，手机很好，满意
1.03509E+12,0,网络类型:无需合约版;机身颜色:金色;套餐类型:官方标配;存储容量:64GB,激***归,2019/2/13 20:05,手机到啦苏宁易购的确不错  是正品 都很放心也很安全。安排就完事了
1.03502E+12,0,网络类型:无需合约版;机身颜色:金色;套餐类型:官方标配;存储容量:64GB,i***l,2019/2/14 21:43,犹豫了好几天终于买了～送货很快，各方面都查了，是正品，棒棒哒！之前看评论还有点忐忑，特意用了几天才来评价，挺好的，没啥问题，运行确实流畅，特别开心！
1.0356E+12,0,网络类型:无需合约版;机身颜色:金色;套餐类型:官方标配;存储容量:64GB,r***6,2019/2/19 23:21,目前用起来还不错
1.0353E+12,0,网络类型:无需合约版;机身颜色:银色;套餐类型:官方标配;存储容量:64GB,幽***4,2019/2/18 20:09,很好家人很满意
1.03499E+12,0,网络类型:无需合约版;机身颜色:深空灰色;套餐类型:官方标配;存储容量:64GB,t***7,2019/2/15 23:45,手机挺好用的，很不错，价格实惠.终于收到我需要的宝贝了，东西很好，价美物廉，谢谢掌柜的！说实在，这是我淘宝购物来让我最满意的一次购物。无论是掌柜的态度还是对物品，我都非常满意的。掌柜态度很专业热情，有问必答，回复也很快，我问了不少问题，他都不觉得烦，都会认真回答我，这点我向掌柜表示由衷的敬意，这样的好掌柜可不多。再说宝贝，正是我需要的，收到的时候包装完整，打开后让我惊喜的是，宝贝比我想象中的还要好！不得不得竖起大拇指。下次需要的时候我还会再来的，到时候麻烦掌柜给个优惠哦！
1.03549E+12,0,网络类型:无需合约版;机身颜色:深空灰色;套餐类型:官方标配;存储容量:64GB,t***4,2019/2/20 0:45,没注意看 确认晚了
1.03521E+12,0,网络类型:无需合约版;机身颜色:银色;套餐类型:官方标配;存储容量:64GB,t***3,2019/2/19 8:37,挺好的??第二天就到了
1.03521E+12,0,网络类型:无需合约版;机身颜色:深空灰色;套餐类型:官方标配;存储容量:64GB,岁***者,2019/2/19 10:44,使用不错，后期追评。
1.03524E+12,0,网络类型:无需合约版;机身颜色:深空灰色;套餐类型:官方标配;存储容量:64GB,c***a,2019/2/14 15:47,苏宁易购 可以信赖
1.03467E+12,0,网络类型:无需合约版;机身颜色:深空灰色;套餐类型:官方标配;存储容量:64GB,小***6,2019/2/8 14:07,北京发货 天津转天就到了 是全新未拆封机器 不错 开始不敢在苏宁易购买 以前买手机一直在实体店买的  苏宁易购确实值得相信 因为我好多同事都在这里买电器 还会继续光顾的 必须好评
1.0354E+12,0,网络类型:无需合约版;机身颜色:金色;套餐类型:官方标配;存储容量:64GB,t***5,2019/2/21 21:48,正品，序列号官网了，保修到20年2月20
1.0352E+12,0,网络类型:无需合约版;机身颜色:金色;套餐类型:官方标配;存储容量:64GB,w***i,2019/2/13 20:49,苹果设计的很漂亮，系统也很流畅，很喜欢
1.03509E+12,0,网络类型:无需合约版;机身颜色:深空灰色;套餐类型:官方标配;存储容量:64GB,骄***心,2019/2/15 21:37,大商家，价格合适，发货快，好评。
1.03491E+12,0,网络类型:无需合约版;机身颜色:深空灰色;套餐类型:官方标配;存储容量:64GB,w***6,2019/2/14 18:24,手机收到用了几天才评价的，很不错，好评
1.03524E+12,0,网络类型:无需合约版;机身颜色:深空灰色;套餐类型:官方标配;存储容量:64GB,t***1,2019/2/16 12:00,用了几天 非常不错！
1.03527E+12,0,网络类型:无需合约版;机身颜色:银色;套餐类型:官方标配;存储容量:64GB,丿***丶,2019/2/16 18:23,目前用着还不错
1.03547E+12,0,网络类型:无需合约版;机身颜色:深空灰色;套餐类型:官方标配;存储容量:64GB,t***5,2019/2/19 17:02,用起来 可以
1.0349E+12,0,网络类型:无需合约版;机身颜色:银色;套餐类型:官方标配;存储容量:64GB,t***2,2019/2/8 13:23,对于这次购机真的很满意。 很完美的机子。就是这几天又便宜了200不高兴
1.03508E+12,0,网络类型:无需合约版;机身颜色:金色;套餐类型:官方标配;存储容量:64GB,d***0,2019/2/11 17:49,挺好的，一直用苹果，不卡顿就是好，比安卓强太多
1.0343E+12,0,网络类型:无需合约版;机身颜色:金色;套餐类型:官方标配;存储容量:64GB,m***2,2019/1/31 15:05,第一次在小苏买苹果手机，发现还是很给力的，不但价格全网相对低，而且也是正品，收到手机后已在官网查过，激活时间是对的。8plus运行速度真的不错，反应超快，装了很多软件也照样流畅。音乐效果也不错。待机时间还可以，但使用起来耗电还是挺快的，希望以后能补足短板。十分满分的话，我给九分。
1.03523E+12,0,网络类型:无需合约版;机身颜色:金色;套餐类型:官方标配;存储容量:64GB,y***5,2019/2/14 12:50,绝对的原装正品
1.03503E+12,0,网络类型:无需合约版;机身颜色:深空灰色;套餐类型:官方标配;存储容量:64GB,t***2,2019/2/16 17:28,物流很快，是正品，给媳妇买的很喜欢
1.03531E+12,0,网络类型:无需合约版;机身颜色:深空灰色;套餐类型:官方标配;存储容量:64GB,3***o,2019/2/17 13:50,用机体验很好
1.0353E+12,0,网络类型:无需合约版;机身颜色:金色;套餐类型:官方标配;存储容量:64GB,l***y,2019/2/18 19:57,正品，很好用
1.0353E+12,0,网络类型:无需合约版;机身颜色:深空灰色;套餐类型:官方标配;存储容量:64GB,一***想,2019/2/17 11:05,用过后再来评
1.03471E+12,0,网络类型:无需合约版;机身颜色:深空灰色;套餐类型:官方标配;存储容量:64GB,花***6,2019/2/9 10:04,棒棒哒 可以的 感觉挺好的 不错 可以试一试 到时候追评哦哈哈。非常喜欢 快递小哥比较给力
1.03516E+12,0,网络类型:无需合约版;机身颜色:银色;套餐类型:官方标配;存储容量:64GB,l***8,2019/2/15 9:01,很好用的手机，质量不错，配送也很快，很喜欢
1.03564E+12,0,网络类型:无需合约版;机身颜色:深空灰色;套餐类型:官方标配;存储容量:64GB,麽***生,2019/2/20 11:58,"买给爸爸的。这个价格还是不错的，网购了这么多年，这是我第一次这么认真的对待。我怀着忐忑的心情拿着手机盯着屏幕，迟迟不敢下手。我怕我一旦说出来，老板会觉得我在拍马屁，东西真是太有魅力了，走在大街上回头率超多啊。嘻嘻！开始我原以为质量是一般般的，想不到拿到手上后的感觉就是不一样，当初的凝虑没有了，真是太开心了！在这店里购物就是一种享受，很值得购买....哈哈！又一次淘到好东西了...好评,绝对的好评!下次再来"
1.0351E+12,0,网络类型:无需合约版;机身颜色:深空灰色;套餐类型:官方标配;存储容量:64GB,换***彩,2019/2/17 16:48,真棒么，bang bang bang，好好好
1.03536E+12,0,网络类型:无需合约版;机身颜色:深空灰色;套餐类型:官方标配;存储容量:64GB,我***的,2019/2/18 0:07,不错哈，很快
1.03487E+12,0,网络类型:无需合约版;机身颜色:银色;套餐类型:官方标配;存储容量:64GB,夕***丶,2019/2/14 9:35,断货，本来想用金色的，女性化一些，黑色男朋友又有了，还是银色吧不错的，背景不错的
1.03448E+12,0,网络类型:无需合约版;机身颜色:金色;套餐类型:官方标配;存储容量:64GB,眼***3,2019/2/2 22:11,查过了，是全新的，特地用了几天来评价的，颜色好看还是喜欢实体按键的我jio得不错
1.03526E+12,0,网络类型:无需合约版;机身颜色:金色;套餐类型:官方标配;存储容量:64GB,t***4,2019/2/16 17:16,使用感不错
1.03511E+12,0,网络类型:无需合约版;机身颜色:金色;套餐类型:官方标配;存储容量:64GB,z***0,2019/2/17 20:15,不错，挺好，是正品
1.03523E+12,0,网络类型:无需合约版;机身颜色:银色;套餐类型:官方标配;存储容量:64GB,我***大,2019/2/14 11:55,感觉 还不错吧
1.03537E+12,0,网络类型:无需合约版;机身颜色:银色;套餐类型:官方标配;存储容量:64GB,槿***4,2019/2/18 10:15,用着还可以
1.03527E+12,0,网络类型:无需合约版;机身颜色:深空灰色;套餐类型:官方标配;存储容量:64GB,娟***0,2019/2/16 17:42,刚用，用的还可以
1.03488E+12,0,网络类型:无需合约版;机身颜色:金色;套餐类型:官方标配;存储容量:64GB,卡***0,2019/2/9 23:27,手机正品 无瑕疵  之前一直用安卓还不太习惯，用一段时间再追评
1.03524E+12,0,网络类型:无需合约版;机身颜色:金色;套餐类型:官方标配;存储容量:64GB,w***o,2019/2/19 19:32,手机很好！物超所值！物流也很给力
1.03523E+12,0,网络类型:无需合约版;机身颜色:深空灰色;套餐类型:官方标配;存储容量:64GB,液***贴,2019/2/19 17:40,用了几天，正常
1.03492E+12,0,网络类型:无需合约版;机身颜色:银色;套餐类型:官方标配;存储容量:64GB,海***3,2019/2/15 6:24,喜欢 好用
1.03544E+12,0,网络类型:无需合约版;机身颜色:金色;套餐类型:官方标配;存储容量:64GB,会***福,2019/2/20 21:25,帮人买算上自己的话已经是买的第五台机子了，感觉快要被系统识别为黄牛了，到目前为止没有一台出过问题????
1.03521E+12,0,网络类型:无需合约版;机身颜色:深空灰色;套餐类型:官方标配;存储容量:64GB,t***5,2019/2/19 10:15,特别不错
1.0352E+12,0,网络类型:无需合约版;机身颜色:银色;套餐类型:官方标配;存储容量:64GB,t***3,2019/2/15 18:45,特地用了几天，Good
1.03517E+12,0,网络类型:无需合约版;机身颜色:深空灰色;套餐类型:官方标配;存储容量:64GB,t***4,2019/2/18 16:13,态度很好！
1.03535E+12,0,网络类型:无需合约版;机身颜色:深空灰色;套餐类型:官方标配;存储容量:64GB,a***7,2019/2/17 22:38,很好，查询了是新机子
1.03549E+12,0,网络类型:无需合约版;机身颜色:深空灰色;套餐类型:官方标配;存储容量:64GB,t***9,2019/2/18 10:52,还要继续使用 才知道
1.03558E+12,0,网络类型:无需合约版;机身颜色:深空灰色;套餐类型:官方标配;存储容量:64GB,w***1,2019/2/21 7:44,手机不错！物流速度很快！用一用再来评价！
1.0359E+12,0,网络类型:无需合约版;机身颜色:深空灰色;套餐类型:官方标配;存储容量:64GB,h***u,2019/2/24 15:11,过年期间买的，正常发货，快递也很快，手机也很好用
1.03595E+12,0,网络类型:无需合约版;机身颜色:深空灰色;套餐类型:官方标配;存储容量:64GB,2***g,2019/2/25 11:48,以前一直用华为，不喜欢安卓的开源系统，不喜欢苹果系统的封闭性，下个铃声都麻烦死了，只是因为听说8P玩刺激战场很爽，所以就买了个。首先系统运行顺滑，苹果手机玩刺激战场很快早就领教了，之前我老婆的6S每次都比我的华为P10先进入游戏，两个手机差了两年的时间。可想而知苹果真的很厉害！就算朋友的华为的旗舰美腿20Pro也没有我的快，每次都是我第一个进入游戏。虽然他的运行内存有8G！其次信号好，有次在地下室玩游戏信号不好，其他人都卡的要死就我的可以玩。这个真是爽玩游戏苹果是无敌了，如丝滑般顺爽。唯一不足的是电池容量小而且充电慢跟华为比只有这个可以挑刺。
1.03509E+12,0,网络类型:无需合约版;机身颜色:金色;套餐类型:官方标配;存储容量:64GB,n***l,2019/2/15 21:32,第二台给家人
1.03617E+12,0,网络类型:无需合约版;机身颜色:金色;套餐类型:官方标配;存储容量:64GB,w***姐,2019/3/3 10:15,淘宝已经成了一种生活习惯，方便快捷，总是乐此不疲。每次都会仔细筛选自己心仪的宝贝，而且多家对比，才会决定淘回家，所以每次买到的商品几乎都是很不错的。这次买的手机已经用了几天了，还是可以的，就是没有耳机接孔有点麻烦其他还是不错的。
1.0357E+12,0,网络类型:无需合约版;机身颜色:银色;套餐类型:官方标配;存储容量:64GB,3***a,2019/2/25 10:48,买了块一个月了！手机用着真不错！物流超级快！头天下午买的！次日早上收到的！感觉8p性价比还好！
1.03518E+12,0,网络类型:无需合约版;机身颜色:深空灰色;套餐类型:官方标配;存储容量:64GB,夜***寒,2019/2/18 17:33,非常好，配送快速
1.03546E+12,0,网络类型:无需合约版;机身颜色:深空灰色;套餐类型:官方标配;存储容量:64GB,荣***7,2019/2/17 19:17,正品，快递非常快，特别快，赞
1.03525E+12,0,网络类型:无需合约版;机身颜色:金色;套餐类型:官方标配;存储容量:64GB,赵***7,2019/2/18 10:21,好??快递一天就到了
1.0353E+12,0,网络类型:无需合约版;机身颜色:深空灰色;套餐类型:官方标配;存储容量:64GB,1***哒,2019/2/18 20:08,已收货，整体外观还可以，其他性能等用后再来追评
1.03285E+12,0,网络类型:无需合约版;机身颜色:深空灰色;套餐类型:官方标配;存储容量:64GB,哥***饭,2019/1/19 14:15,第一次在网上买手机，很好，值得购买。
1.03491E+12,0,网络类型:无需合约版;机身颜色:深空灰色;套餐类型:官方标配;存储容量:64GB,y***5,2019/2/12 19:52,不错是正品，苏宁值得信赖。
1.03536E+12,0,网络类型:无需合约版;机身颜色:深空灰色;套餐类型:官方标配;存储容量:64GB,可***沫,2019/2/18 1:02,百忙之中抽出一点时间来细心评价 不知道是商业互黑也好真的有假货也罢 幸运的是我买到了一个原装正品 特意用了两天来评价 手机速度很快 电池也不像别人说的一样不耐用 店铺也没有联系我本人要好评什么的 千好万好总有一点不足的地方就是快递是真的慢 第一次在苏宁买手机 效果不错 下次依旧选你
1.03419E+12,0,网络类型:无需合约版;机身颜色:银色;套餐类型:官方标配;存储容量:64GB,y***k,2019/2/2 9:12,运行速度挺快，不玩游戏，足够用了，手感细腻，屏幕分辨率也还好，拍照可以，还要啥自行车啊
1.03548E+12,0,网络类型:无需合约版;机身颜色:深空灰色;套餐类型:官方标配;存储容量:64GB,番***钱,2019/2/23 13:27,挺好的，很满意，就是连接wifi后在appstore 下载会慢，网上很多人都有这个情况，不过不影响使用，其他方面都很好呢，快递超级给力
1.03525E+12,0,网络类型:无需合约版;机身颜色:银色;套餐类型:官方标配;存储容量:64GB,张***0,2019/2/18 10:51,物流送货快，服务态度好，宝贝很好
1.03428E+12,0,网络类型:无需合约版;机身颜色:金色;套餐类型:官方标配;存储容量:64GB,w***t,2019/2/3 12:36,哈哈哈哈哈用了几天感觉还ok阿 就是有时候卡了一下下还可以接受 超级喜欢阿 晚上买的第二天早上就到了粒u??
1.03542E+12,0,网络类型:无需合约版;机身颜色:银色;套餐类型:官方标配;存储容量:64GB,t***7,2019/2/22 13:05,是全新的 未使用过
1.03542E+12,0,网络类型:无需合约版;机身颜色:银色;套餐类型:官方标配;存储容量:64GB,s***9,2019/2/17 13:09,第二次买了
1.03432E+12,0,网络类型:无需合约版;机身颜色:银色;套餐类型:官方标配;存储容量:64GB,w***n,2019/2/4 0:45,首先物流挺快，没问题，手机呢特意用了一段时间挺满意，下次购物还选你
1.03529E+12,0,网络类型:无需合约版;机身颜色:深空灰色;套餐类型:官方标配;存储容量:64GB,b***y,2019/2/18 18:25,nice
1.03517E+12,0,网络类型:无需合约版;机身颜色:银色;套餐类型:官方标配;存储容量:64GB,t***o,2019/2/17 9:27,目前没有问题 挺好
1.03515E+12,0,网络类型:无需合约版;机身颜色:深空灰色;套餐类型:官方标配;存储容量:64GB,庄***6,2019/2/16 20:06,是正品，挺好的，非常喜欢
1.03529E+12,0,网络类型:无需合约版;机身颜色:银色;套餐类型:官方标配;存储容量:64GB,齐***5,2019/2/18 18:02,查了序列号 是原封正品，之前6S也是在苏宁买的，放心。快递贼快，次日达。就是又有点想买XR了??
1.03516E+12,0,网络类型:无需合约版;机身颜色:金色;套餐类型:官方标配;存储容量:64GB,z***春,2019/2/15 9:26,好评  快递很快
1.0351E+12,0,网络类型:无需合约版;机身颜色:金色;套餐类型:官方标配;存储容量:64GB,t***6,2019/2/16 2:25,第三次在苏宁买手机了，不错
1.0352E+12,0,网络类型:无需合约版;机身颜色:金色;套餐类型:官方标配;存储容量:64GB,校***狼,2019/2/13 19:34,是全新未激活的正品，快递小哥也非常好
1.03534E+12,0,网络类型:无需合约版;机身颜色:深空灰色;套餐类型:官方标配;存储容量:64GB,我***0,2019/2/16 9:19,给同事带买的，她很喜欢，一开始说声音小，联系客服，把出厂膜撕了就可以了
1.03514E+12,0,网络类型:无需合约版;机身颜色:金色;套餐类型:官方标配;存储容量:64GB,t***9,2019/2/18 10:48,拍照蛮清晰的 用起来也不卡 但是有时候跳出页面会很慢 而且自家wf也没问题 用电量也有点快 希望这手机没问题吧????
1.03532E+12,0,网络类型:无需合约版;机身颜色:深空灰色;套餐类型:官方标配;存储容量:64GB,布***范,2019/2/15 18:26,很不错，很好，是正品&hellip;&hellip;
1.03514E+12,0,网络类型:无需合约版;机身颜色:银色;套餐类型:官方标配;存储容量:64GB,周***妈,2019/2/12 17:05,好看好用安逸～????
1.03495E+12,0,网络类型:无需合约版;机身颜色:深空灰色;套餐类型:官方标配;存储容量:64GB,妮***2,2019/2/15 15:01,用的挺好的，只能用一段时间追评啦
1.03492E+12,0,网络类型:无需合约版;机身颜色:深空灰色;套餐类型:官方标配;存储容量:64GB,c***2,2019/2/13 9:32,快递小哥满分，手机是正品，非常好！第一次网购买手机，总体来说不错，相信苏宁易购！
1.03327E+12,0,网络类型:无需合约版;机身颜色:金色;套餐类型:官方标配;存储容量:64GB,阳***寂,2019/1/20 11:44,第一次用苹果，不错
1.03505E+12,0,网络类型:无需合约版;机身颜色:银色;套餐类型:官方标配;存储容量:64GB,雍***童,2019/2/13 9:27,满意满意 不是翻新机，全新的。很好用！价格也实惠，下次买手机再来。
1.03511E+12,0,网络类型:无需合约版;机身颜色:金色;套餐类型:官方标配;存储容量:64GB,萧***9,2019/2/14 10:24,第二次购买了，很好
1.03509E+12,0,网络类型:无需合约版;机身颜色:深空灰色;套餐类型:官方标配;存储容量:64GB,g***9,2019/2/16 1:12,关网查了没问题。
1.03521E+12,0,网络类型:无需合约版;机身颜色:深空灰色;套餐类型:官方标配;存储容量:64GB,王***8,2019/2/14 9:16,很实惠，送货速度第一个。
1.03465E+12,0,网络类型:无需合约版;机身颜色:银色;套餐类型:官方标配;存储容量:64GB,肖***女,2019/2/3 22:31,非常方便的了 新手机超开心的 好激动好激动 之前那个碎掉了 哭了新的手机新的我 我是这条gai上最酷的仔 快递也超快的
1.03535E+12,0,网络类型:无需合约版;机身颜色:深空灰色;套餐类型:官方标配;存储容量:64GB,1***m,2019/2/16 12:25,物流快，价格优惠。苏宁忠诚粉丝。
1.03449E+12,0,网络类型:无需合约版;机身颜色:深空灰色;套餐类型:官方标配;存储容量:64GB,t***1,2019/2/7 0:23,看到没降价反而涨了我就放心了，深空灰很好看，别的不清楚
1.03504E+12,0,网络类型:无需合约版;机身颜色:金色;套餐类型:官方标配;存储容量:64GB,嚣***张,2019/2/11 6:28,还不错，非常好价格也便宜
1.03485E+12,0,网络类型:无需合约版;机身颜色:深空灰色;套餐类型:官方标配;存储容量:64GB,t***2,2019/2/7 13:22,好！很好！非常好！给妈妈买的。用后再来追评！
1.03498E+12,0,网络类型:无需合约版;机身颜色:深空灰色;套餐类型:官方标配;存储容量:64GB,傻***羊,2019/2/15 22:40,用着可以，后续追加
1.03487E+12,0,网络类型:无需合约版;机身颜色:深空灰色;套餐类型:官方标配;存储容量:64GB,q***9,2019/2/14 6:12,第一次在苏宁买手机，手机是正品用着挺好的，以后再换机还回来的。
1.03482E+12,0,网络类型:无需合约版;机身颜色:银色;套餐类型:官方标配;存储容量:64GB,林***你,2019/2/6 20:15,使用了两天非常好。一点都不卡。
1.03501E+12,0,网络类型:无需合约版;机身颜色:金色;套餐类型:官方标配;存储容量:64GB,他***伴,2019/2/12 3:29,此用户没有填写评论!
1.03527E+12,0,网络类型:无需合约版;机身颜色:金色;套餐类型:官方标配;存储容量:64GB,胡***4,2019/2/18 14:14,水机不错啊！满意
1.03519E+12,0,网络类型:无需合约版;机身颜色:金色;套餐类型:官方标配;存储容量:64GB,t***3,2019/2/13 16:41,第一次在网上买这么贵的东西，是正品，用了两三天了。还不错。
1.03363E+12,0,网络类型:无需合约版;机身颜色:金色;套餐类型:官方标配;存储容量:64GB,1***c,2019/1/26 18:27,"手机质量不错非常好，手机使用了几天说下感受，这个价位手机的反应速度算是很快了基本不卡顿很流畅，屏幕触摸灵敏，画面显示清晰细腻柔和不刺眼，相机像素足以满足日常生活关键是电池待机时间很不错！ 一如既往的喜欢，最近购买遇到调价，价格实惠、太好了！真的超级喜欢，非常支持，质量非常好，与卖家描述的完全一致，非常满意,真的很喜欢，完全超出期望值，发货速度非常快，包装非常仔细、严实，物流公司服务态度很好，运送速度很快，很满意的一次购物"
1.03374E+12,0,网络类型:无需合约版;机身颜色:金色;套餐类型:官方标配;存储容量:64GB,1***c,2019/1/26 18:28,"手机质量不错非常好，手机使用了几天说下感受，这个价位手机的反应速度算是很快了基本不卡顿很流畅，屏幕触摸灵敏，画面显示清晰细腻柔和不刺眼，相机像素足以满足日常生活关键是电池待机时间很不错！ 一如既往的喜欢，最近购买遇到调价，价格实惠、太好了！真的超级喜欢，非常支持，质量非常好，与卖家描述的完全一致，非常满意,真的很喜欢，完全超出期望值，发货速度非常快，包装非常仔细、严实，物流公司服务态度很好，运送速度很快，很满意的一次购物"
1.0345E+12,0,网络类型:无需合约版;机身颜色:银色;套餐类型:官方标配;存储容量:64GB,千***3,2019/1/25 9:25,此用户没有填写评论!
1.03504E+12,0,网络类型:无需合约版;机身颜色:深空灰色;套餐类型:官方标配;存储容量:64GB,l***0,2019/2/15 11:11,快递很快，是正品
1.03542E+12,0,网络类型:无需合约版;机身颜色:金色;套餐类型:官方标配;存储容量:64GB,小***2,2019/2/17 12:09,很好，是正品
1.03507E+12,0,网络类型:无需合约版;机身颜色:金色;套餐类型:官方标配;存储容量:64GB,弋***修,2019/2/11 15:36,看着还不错用快递小哥很热情送货很快
1.03482E+12,0,网络类型:无需合约版;机身颜色:深空灰色;套餐类型:官方标配;存储容量:64GB,瑞***7,2019/2/11 10:23,第一次在网上买手机，后期在追评
1.03512E+12,0,网络类型:无需合约版;机身颜色:深空灰色;套餐类型:官方标配;存储容量:64GB,会***机,2019/2/12 12:45,拍照非常给力
1.03521E+12,0,网络类型:无需合约版;机身颜色:深空灰色;套餐类型:官方标配;存储容量:64GB,t***1,2019/2/19 10:14,"选择苹果是因为流畅的系统,安全的封闭系统,出色的拍照体验,以及优秀的品控。"
1.03527E+12,0,网络类型:无需合约版;机身颜色:银色;套餐类型:官方标配;存储容量:64GB,懒***嘎,2019/2/16 17:58,很不错，售后追踪快递记录很到位。好评
1.03539E+12,0,网络类型:无需合约版;机身颜色:银色;套餐类型:官方标配;存储容量:64GB,我***3,2019/2/16 19:36,物流很快 手机不错
1.03424E+12,0,网络类型:无需合约版;机身颜色:金色;套餐类型:官方标配;存储容量:64GB,q***2,2019/2/2 19:28,收货很快，品质也不错
1.03552E+12,0,网络类型:无需合约版;机身颜色:深空灰色;套餐类型:官方标配;存储容量:64GB,家***家,2019/2/18 17:38,我们这种农村人就没有这么专业眼光看待了 高级
